Date,AED,ARS,AUD,BRL,CAD,CHF,CLP,CNY,COP,CZK,DKK,DOP,EUR,GBP,HKD,HRK,HUF,INR,IDR,IRR,JPY,KES,MAD,MXN,MYR,NGN,NOK,NZD,PEN,PHP,PKR,PLN,RON,RUB,SAR,SEK,SGD,THB,TRY,TZS,UAH,USD,VEF,VND,ZAR
8/10/2013,,,,,,,,,,1000,,,,,,,,,,,,,,,,,,,,,,,,,,,,,,,,,,,
8/17/2013,,,,,,,,,,874.19,,,,,,,,,,,1000,,,,,,,,,,,,,,,,,,,,,,,,
8/24/2013,,,,,,,,,,1000,,,,,,,,,,,1000,,,,,,,,,,,,,,,,,,,,,,,,
8/31/2013,,,942.18,,,,,,,368.6,,,,,,,,,,,1000,,,,,,,,,,,,,,,,,,,,,,,,
9/7/2013,,,713.13,,,,,,,1000,,,,,,,,,,,1000,,,,,,,,,,,,,,,,,,,,,,,,
9/14/2013,,,579.78,,,,,,,233.02,,,,,,,,,,,1000,,,,,,,,,,,,,,,,,,,,,,,,
9/21/2013,,,588.26,,,,,,,739.11,,,,,,,,,,,749.95,,,,,,,,,,,,,,,,,,,,,,,,
9/28/2013,,,373.38,,,,,,,324.38,,,945.25,,,,,,,,401.51,,,,,,,,,,,,,,,,,,,,,,,,
10/5/2013,,,355.84,,1000,1000,,,,234.84,,,682.91,,,,,,,,187.71,,,,,,,,,,,,,,,,,,,,,,,,
10/12/2013,,,518.09,,752.98,1000,,,,256.17,,,809.07,585.35,,,915.2,,,,3.87,,,,,,,,,,,,,,,,,,,,,,,,
10/19/2013,,,650.7,,536.41,870.44,,,,628.04,,,644.11,700.86,,,1000,,,,9.22,,,,,,,,,,,,,,,,1000,1000,,,,,,,
10/26/2013,,,437.47,,397.61,717.15,,,,273.87,1000,,497.31,651.72,,,681.82,,,,324.2,,,,,,,,,,,,,,,,1000,710.05,,,,,,,
11/2/2013,,1000,714.02,,1000,1000,,,,1000,750.54,,939.92,1000,,,1000,,,,155.54,,,1000,,,,,,1000,,,1000,,,,690.37,367.02,,,,825.8,,,
11/9/2013,,1000,944.68,,1000,631.47,,,,1000,903.33,,1000,1000,1000,,501.67,,1000,,17.36,,,1000,,,,,,1000,,1000,1000,,,,806.82,710.8,,,,744.89,,,
11/16/2013,,1000,999.07,,1000,1000,1000,,,1000,158.75,,916.93,1000,1000,,1000,,1000,,1000,,,559.93,,,1000,1000,,1000,,819.62,1000,,,,793.97,1000,,,,867.79,,,
11/23/2013,1000,1000,1000,1000,1000,1000,1000,,,1000,563.74,,1000,1000,1000,,1000,,891.24,,1000,,,972.06,,,1000,1000,,1000,,1000,766.33,,,,1000,946.62,,,,807.33,,,
11/30/2013,1000,903.93,974.02,464.72,790.39,1000,1000,,,1000,448.58,,977.84,893.69,938.57,1000,872.1,,719.31,,698.29,,,679.78,,,1000,1000,,889.15,,1000,562.57,,,,2.03,993.75,,,,673.35,,,
12/7/2013,1000,789.42,410.74,382.05,541.52,339.54,678.03,,,694.06,161.81,,405.7,439.93,639.56,1000,436.77,,439.54,,557.99,,,353.95,,,314.53,567.55,,786.9,,279.86,361.76,,,,236.04,976.14,,,,475.63,,,
12/14/2013,110.52,504.77,406.37,728.95,387.07,353.18,414.86,,,629.8,869.89,,342.98,395.9,472.89,337.54,715.19,,33.03,,467.96,,,559.58,,,303.48,423.69,,671.36,,174.34,373.52,,,,560.42,474.82,,,,486.77,,,
12/21/2013,262.06,114.64,173.98,252.11,179.72,40.39,217.88,,,62.08,624.03,,144.01,145.45,148.67,224.7,60.35,,37.27,,233.28,,,548.66,,,131.68,425.18,,155.87,,205.67,243.87,,,,169.49,252.4,,,,311.08,,,
12/28/2013,341.07,270.46,195.41,158.37,225.29,172.83,187.27,,,221,470.79,,277.14,229.94,81.27,27.77,277.22,,109.01,,451.61,,,876.02,,,222.16,291.87,,250.1,,434.26,114.58,,,1000,230.29,305.45,,,,414.52,,,
1/4/2014,431.22,380.07,313.27,399.02,339.61,476.56,303.7,,,364.84,673.18,,375.38,383.54,310.32,112.53,271.15,,248.14,,1000,,,1000,,,473,310.93,,654.62,,184.19,1000,,,665.24,561.48,365.23,,,,532.62,,,
1/11/2014,1000,277,591.42,1000,439.87,483.27,337.26,,,431.1,69.43,,326.39,342.28,316.35,310.04,543.93,,452.24,,979.57,,,1000,,,419.47,548.67,,265.52,,330.37,737.48,,,335.69,721.93,425.81,,,,599.64,,,
1/18/2014,386.39,302.21,727.88,476.48,668.66,539.38,1000,,,661.78,318.42,,429.11,451.68,378.55,262.38,89.4,997.37,472.23,,109.54,,,250.42,,,335.22,752.87,,397.82,,1000,264.42,,,569.26,1000,497.14,,,,613.36,,,
1/25/2014,481,807.65,537.8,771.37,529.24,1000,309.77,,,684.97,1000,,580.43,503.87,539.32,1000,276.81,627.82,434.2,,288.94,,,426.85,,,372.45,388.97,,753.11,,678.08,339.46,,,454.07,602.53,545.77,,,,536.98,,,
2/1/2014,261.68,836.15,796.3,942.3,626.06,833.99,290.38,,,998.93,501.67,,806.23,561.47,1000,627.54,1000,526.54,1000,,757.95,,,443.44,,,540.27,482.06,,313.87,,210.33,579.36,,,340.89,304.66,1000,,,,611.47,,,
2/8/2014,339.4,418.04,426.34,525.33,534.53,531.19,361.32,,,281.78,392.02,,607.65,565.31,860.28,960.22,634.33,387.76,1000,1000,111.55,,,511.38,,,136.66,648.62,,572.42,,158.46,218.08,,,218.68,636.72,563.92,,,,406.44,,,
2/15/2014,387.82,456.15,369.2,816.17,354.48,315.55,262.49,,,203.94,392.1,,497.14,416.02,552.54,378.64,285.72,346.36,240.32,474.87,58.06,,,252.52,,,261.79,679.91,,227.91,,157.89,62.37,,,368.52,214.05,484.14,,,,408.92,,,
2/22/2014,306.26,442.59,478.27,1000,349.02,437.97,1000,,,353.3,230.3,,452.04,494.16,633.4,965.15,155.04,275.38,352.69,616.03,21.76,,,279.2,,,403.43,359.22,,139.91,,858.32,305.36,,,549.49,512.28,400.38,,,,477.27,,,
3/1/2014,341.1,523.22,501.8,226.96,450.71,500.75,124.03,,,232.55,815.63,,543.41,496.2,134.38,298.67,121.68,594.14,463.65,716.28,248.2,,,331.5,,,519.91,347.31,,491.87,,275.14,516.45,,,242.2,455.24,566.23,,,,542.9,,,
3/8/2014,94.11,235.86,541.84,1000,481.63,247.89,97.11,,,329.32,159.16,,471.84,363.63,199.71,401.84,127.04,396.89,538.07,629.4,181.81,,,186.6,,,274.49,267.1,,234.2,,595.79,157.82,,,580.15,171.28,339.85,,,,550.25,,,
3/15/2014,485.29,277.85,486.96,251.68,455.11,170.22,163.56,,,496.87,1000,,392.89,358.69,314.36,264.16,318.1,287.34,569.61,584.16,408.68,,,334.01,,,671.7,414.35,,411.43,,881.48,417.62,,,711.75,523.16,344.22,,,,515.19,,,
3/22/2014,432.8,648.43,507.65,148.14,438.47,521.38,268.24,,,442.32,1000,,343.33,388.06,365.36,1000,413.91,369.84,513.12,472.03,832.05,,,332.33,,,506.43,429.4,,228.9,,634.87,466.96,,,708.69,261.2,418.05,,,,540.3,,,
3/29/2014,118.77,409.52,372.06,152.74,443.39,681.54,219.86,,,656.69,622.97,,383.46,478.04,599.21,188.67,17.58,243.61,552.38,393.6,784.89,,,527.03,,,788.59,383.17,,219.13,,772.43,625.84,,,530.66,171.3,859.46,,,,536.57,,,
4/5/2014,161.81,421.31,594.84,93.84,399.37,360.27,510.65,,,302.75,426.37,,471.5,368.82,343.32,217.08,683.77,357.9,433.41,285.81,110.02,,,457.82,,,399.79,484.37,,1000,,316.72,434.62,,,666.45,185.08,448.65,,,,546.66,,,
4/12/2014,218.2,451.44,499,159.16,386.63,231.49,699.01,,,495.27,106.94,,450.57,533.91,316.55,238.74,1000,472.6,353,294.05,321.19,,,615.13,,,400.52,482.19,,151.86,,292.61,476.41,,,588.68,288.18,610.03,,,,547.92,,,
4/19/2014,154.13,798.18,406.38,138.82,386.42,170.2,194.64,,,260.78,69.27,,426,416.97,71.68,137.34,757,769.83,293.54,320.73,166.84,,,764.03,,,943.02,282.21,,832.83,,335.72,352.95,,,468.59,344.84,513.43,,,,525.67,,,
4/26/2014,40.59,376.82,532.89,305.84,497.06,398.56,585.93,,,281.86,132.9,,391.1,476.94,261.2,1000,239.08,833.84,245.6,355.15,247.43,,,811.1,,,508.65,349.89,,781.69,,439.15,441.47,,,362.56,117.4,724.38,,,,492.4,,,
5/3/2014,473.14,397.05,520.05,1000,459.72,555.36,176.92,,,323.94,194.25,,497.44,477.03,275.31,206.71,246.37,721.78,202.33,401.11,77.99,,,388.98,,,309.88,546.93,,419.96,,169.1,401.56,,,468.26,288.04,356.17,,,,480.71,,,
5/10/2014,1000,592.66,657.29,315.32,515.02,557.55,115.67,,,563.34,1000,,641.84,463.16,309.85,610.11,422.15,535.97,141.32,440.14,104.1,,,468.22,,,393.43,637.5,,1000,,662.21,457.92,,,494.06,290.67,412.46,,,,474.65,,,
5/17/2014,1000,1000,593.1,662.64,509.53,536.05,577.07,,,1000,1000,,543.92,583.15,460.12,448.81,151.9,755.54,48.86,687.89,320.29,,,610.88,,,536.65,635.13,,981.08,,1000,375.99,,,514.54,767.07,609.74,,,,561.81,,,
5/24/2014,1000,346.28,688.88,1000,818.94,757.47,381.97,,,841.06,1000,,595.74,683.98,380.61,341.34,569.84,593.84,597.98,856.09,963.03,,,976.53,,,407.19,773.57,,431.04,,1000,972.99,,,846.3,358.24,428.38,,,,512.45,,,
5/31/2014,1000,674.81,735.26,816.25,660.59,855.66,256.49,,,366.76,419.31,,622.52,697.36,759.7,1000,184.02,324.73,523.18,944.06,1000,,,497.87,,,629.63,664.48,,277.57,,595.25,447.81,,,746.09,1000,294.97,,,,602.07,,,
6/7/2014,1000,469.09,444.69,457.54,545.35,320.02,876.09,,,365.81,57.81,,573.51,660.44,338.73,777.62,1000,503.16,419.53,959.89,1000,,,395.01,,,521.44,366.67,,612.02,,856.23,592.22,,,780.69,607.63,661.67,,,,663.17,,,
6/14/2014,23.08,255.48,477.92,780.46,680.77,354.96,423.41,,,331.28,303.39,,472.91,607.27,1000,352.72,1000,499.77,280.81,601.02,1000,,,440.89,,,779.82,597.22,,357.84,,1000,329.68,,,618.63,450.1,656.28,,,,577.96,,,
6/21/2014,60.87,644.82,435.47,428.04,407.47,599.17,577.94,,,177.37,136.59,,494.27,531.54,267.24,558.87,274.01,476.29,347.33,365.05,690.77,,,271.91,,,830.88,437.91,,225.08,,604.31,286.22,,,692.01,271.59,608.42,,,,511.72,,,
6/28/2014,687.98,672.75,416.02,151.32,409.21,752.63,1000,,,154.05,425.2,,570.01,430.77,549.83,353.37,470.33,381.46,385.99,179,379.52,,,412.89,,,493.86,355.19,,668.51,,999.55,990.65,,,554.77,284.35,373.76,,,,501.4,,,
7/5/2014,80.73,512.58,464.01,263.73,404.75,594.73,1000,,,340.11,115.83,,656.77,497.88,434.83,259.4,49.86,724.16,384.95,5.92,90.71,,,305.19,,,419.5,330.12,,717.7,,976.67,426.18,,,507.85,231.32,635.38,,,,550,,,
7/12/2014,446.16,589.28,529.74,116.56,488.99,313.74,423.12,,,633.28,374.58,,464.14,377.38,208.96,533.01,198.07,1000,498.16,6.98,315.51,,,417.29,,,569.93,530.43,,184.09,,431.37,944.63,,,484.37,318.74,684.48,,,,523.33,,,
7/19/2014,894.49,759.85,591.81,394.96,430.61,521.77,272.3,,,493.57,258.01,,398.77,387.83,139.8,294.52,916.58,382.59,598.89,9.1,1000,,,571.32,,,582.14,477.43,,663.85,,281.97,1000,,,449.86,613.03,511.89,,,,494.35,,,
7/26/2014,1000,492.49,398.27,424.34,652.47,494.89,492.09,,,514.16,610.93,,444.67,487.04,288.63,771.93,285.14,426.94,651.73,9.71,1000,,,560.02,,,515.29,515.61,,537.46,,495.69,307.01,,,607.27,230.31,410.43,,,,518.61,,,
8/2/2014,1000,331.14,546.69,649.08,444.1,273.94,106.31,,,463.01,736.97,,534.36,479.22,1000,623.94,424.1,500.53,639.63,1000,904.96,,,534.31,,,308.57,466.45,,263.25,,302.82,755.24,,,432.78,1000,437.26,,,,507.87,,,
8/9/2014,861.43,562.8,548.76,1000,479.94,413.08,116.83,,,546.66,495.83,,443.27,594.38,640.78,360.25,701.35,409,629.31,614.26,1000,,,542.92,,,707.11,570.76,,550.91,,286.66,449.76,,,671.36,175.21,693.11,,,,506.94,,,
8/16/2014,437.69,1000,670.43,1000,452.11,387.04,514.62,,,493.24,120.2,,488.2,506.76,928.79,1000,1000,381.73,620.41,1000,4.47,,,913.72,,,704.45,512,,446.43,,553.56,443.87,,,633.62,607.48,590.56,,,,492.57,,,
8/23/2014,566.33,343.14,697.62,606.27,608.8,512.01,280.72,,,315.65,1000,,558.17,471.78,817.88,597.49,172.19,428.4,612.66,1000,25.07,,,641.74,,,375.96,386.1,,966.93,,479.05,389.41,,,673.14,468.98,461.94,,,,458.27,,,
8/30/2014,275.83,563.71,536.86,662.31,477.32,522.34,517.77,,,625.58,1000,,472.28,491.26,670.87,351.49,962.12,386.53,605.85,1000,410.23,,,714.15,,,477.66,704.75,,276.4,,421.15,358.71,,,527.1,1000,512.24,,,,637.3,,,
9/6/2014,435.23,260.83,460.63,395.96,520.63,695.17,329.72,,,340.95,93.38,,535.24,557.98,446.74,1000,901.85,496.49,599.81,114.01,44.21,,,783.83,,,367.6,494.68,,130.21,,411.81,402.95,,,501.58,428.8,331.41,,,,672.29,,,
9/13/2014,507.52,958.86,533.57,328.36,818.39,472.52,827.29,,,305.22,71.72,,559.64,710.27,419.86,524.36,213.56,581.06,594.42,282.72,276.71,,,538.51,,,460.98,646.5,,315.74,,759.97,345.16,,,588.34,348.34,795.35,,,,593.55,,,
9/20/2014,540.67,487.79,621.15,306.96,536.51,492.49,1000,,,383.24,8.42,,602.08,525.22,621.92,894.95,309.26,1000,589.59,510.5,9.49,,,519.18,,,729.9,345.28,,67.19,,518.13,519.43,,,767.24,59.07,517.78,,,,585.31,,,
9/27/2014,319.13,776.52,544.64,539.62,526.37,903.64,787.02,,,395.97,188.14,,537.24,524.99,1000,327.53,1000,627.59,585.23,631.06,365.04,,,471.52,,,411.12,463.08,,124.02,,486.67,633.75,,,631.21,168.74,476.25,,,,505.68,,,
10/4/2014,944.33,505.49,411.99,435.8,743.79,366.56,1000,,,525.07,204.17,,664.1,476.72,843.58,648.95,352.05,352.28,581.27,937.43,971.19,,,507.21,,,674.37,588.38,,205.87,,818.35,327.71,,,511.28,93.34,296.2,,,,485.48,,,
10/11/2014,496.47,478.94,675.62,443.98,587.55,335.71,951.64,,,904.34,277.59,,468.24,440.32,470.29,1000,718.21,435.61,577.66,425.78,29.23,,,584.83,,,538.51,419.89,,938.31,,876.29,617.28,,,546.24,419.93,588.51,,,,462.36,,,
10/18/2014,304.38,347.66,419.91,659.4,407.13,561.61,1000,,,1000,1000,,412.07,509.76,556.44,617.73,150.95,422.18,574.36,180.86,177.84,,,288.41,,,452.37,526.52,,1000,,443.33,782.75,,,643.38,849.92,302.41,,,,502.64,,,
10/25/2014,824.97,410.57,416.98,316.31,400.63,683.17,956.31,,,33.46,445.67,,430.32,393.86,769.14,216.91,400.4,544.3,571.33,140.92,167.53,,,352.64,,,728.7,694.78,,445.05,,508.69,1000,,,483.91,762.19,478.05,,,,503.32,,,
11/1/2014,417.72,317.76,494.19,388.75,422.06,1000,1000,,,1000,50.08,,466.75,459.43,397.15,210.15,717.4,461.74,1000,480.65,572.35,,,318.07,,,676.28,548.1,,666.16,,820.95,1000,,,323.58,900.22,604.93,,,,503.7,,,
11/8/2014,323.98,588.11,513.12,1000,330.48,459.95,211.29,,,240.41,142.83,,501.33,488.55,143.2,406.38,423.27,636.31,835.8,809.11,234.71,,,461.63,,,444.93,542.11,1000,1000,,660.67,548.76,,,256.4,1000,704.08,,,,511.82,,,
11/15/2014,59.89,824.85,476.91,397.51,409.11,344.06,225.41,,,287.5,84.63,,549.4,445.87,225.49,188.78,1000,757.06,713.17,1000,553.38,,,398.49,,,468.94,461.09,530.86,702.51,,280.15,642.45,,,374.89,1000,419.8,,,,528.45,,,
11/22/2014,162.99,178.26,525.4,201.62,553.77,580.06,176.97,,,143.2,7.48,,548.88,476.51,352.32,172.26,538.32,487.49,623.91,1000,882.74,,,496.95,1000,,446.25,413.51,351.44,899.38,,305.59,423.84,,,507.51,440.76,230.49,,,,465.3,,,
11/29/2014,210.95,665.16,633.39,321.34,597.96,322.58,277.88,,,251.05,275.68,,704.55,556.67,421.39,333.83,616.34,867.3,556.19,840.29,701.22,,,479.95,534.27,,397.78,449.09,492.92,362.21,,508.08,274.7,,,543.77,259.02,467.13,,,,575.43,,,
12/6/2014,194.75,341.05,539.11,1000,389.36,341.57,420.45,,,782.46,993.93,,583.09,459.22,571.07,614.64,391.57,523.79,503.2,664,608.22,,,574.48,445.82,,642.95,496.96,596.58,258.08,,492.89,381.89,,,634.22,362.39,313.28,,,,541.79,,,
12/13/2014,151.68,407.92,644.79,462.84,593.92,656.35,676.36,,,661.84,810.74,,582.96,512.15,629.95,1000,494.96,386.83,460.76,542.82,533.4,,,700.13,599.41,,829.97,448.24,990.92,543.69,,575.49,490.59,,,683.32,369.09,293.54,,,,574.96,,,
12/20/2014,6.44,603.61,475.48,129.62,324.15,212.85,75.88,,,635.33,423.83,,272.29,324.64,729.64,296.64,196.82,439.87,459.86,4.84,293.06,,,323.96,226.42,,272.33,136.1,364.04,138.12,,271.6,372.06,,,516.53,701.86,296.36,,,,398.66,,,
12/27/2014,1000,270.39,377.69,463.59,469.04,194.28,699.36,,,296.91,547.53,,295.32,383.43,228.7,1000,592.15,625.24,458.92,6.94,1000,,,422.52,521.22,,401.71,255.42,522.09,251.9,,611.94,854.86,,,366.91,173.59,335.07,,,,416.68,,,
1/3/2015,555.88,554.42,493.57,830.36,469.4,520.22,572.7,,,351.86,603.06,,472.04,577.14,473.41,766.48,1000,385.7,457.93,10.51,1000,,,475.84,353.4,,398.01,407.79,520.97,516.75,,931.76,588.03,,,562.04,806.45,564.51,,,,551.31,,,
1/10/2015,1000,695.18,476.12,417.45,489.34,1000,276.37,,,1000,572.96,,650.66,620.54,595.25,412.39,987.78,617.72,456.9,16.45,1000,,,601.6,347.93,,423.03,642.06,605.55,387.72,,492.32,507.81,,,687.2,788.81,916.52,,,,524.02,,,
1/17/2015,1000,513.8,517.9,153.52,655.86,583,243.7,,,60.05,412.61,,601.92,542.72,644.6,604.84,473.25,535.27,455.81,23.1,382.13,,,668.09,421.69,,405.18,494.56,317.82,559.94,,355.81,738.96,,,797.47,596.69,424.28,,,,496.85,,,
1/24/2015,916.47,386.55,420.49,436.64,554.62,743.92,353.5,,,598.01,318.77,,572.93,564.84,464.63,148.38,471.18,299.87,454.66,1000,112.53,,,545.31,732.88,,785.9,462.06,609.69,760.36,,721.84,1000,,,798.32,240.61,479.6,,,,520.65,,,
1/31/2015,640.94,482.2,531.48,695.2,504.25,242.76,866.1,,,162.44,49.83,,653.58,535.66,435.77,318.24,531.47,407.8,453.46,77.75,78.96,,,681.09,836.12,,640.54,454.71,560.43,756.38,,504.92,915.51,,,633.92,298.87,430.54,,,,568.17,,,
2/7/2015,310.81,722.53,747.11,444.73,630.18,292.36,250.37,,,193.99,36.86,,566.93,499.14,540.55,937.23,389.61,453.88,452.19,1000,68.04,,,487.81,399.9,,353.97,598.76,356.51,680.33,,506.58,646.62,,,577.35,227.44,318.65,,,,571.36,,,
2/14/2015,204.99,222.36,538.53,248.59,545.4,442.49,625.28,,,1000,586.73,,470.43,443.5,383.1,731.1,338.69,287.18,450.84,941.62,63.97,,,624.81,386.81,,773.5,418.09,587.77,756.27,,437.73,1000,,,560.35,710.62,537.31,,,,536.02,,,
2/21/2015,156.84,1000,507.76,571.29,646.28,659.5,503.37,,,523.9,1000,,480.26,528.09,479.03,523.21,242.77,499.81,449.42,109.84,69.64,,,526.62,577.52,,510.28,634.05,273.53,408.99,,320.26,651.93,,,623.79,367.74,572.49,,,,567.52,,,
2/28/2015,416.15,473.06,555.51,1000,642.96,546.77,493.04,,,1000,1000,,566.64,540.8,663.6,672.13,231.39,786.05,447.92,1000,354.35,,,402.28,520.15,,428.84,568.72,1000,573.77,,511.3,364.8,,,603.75,1000,472.03,,,,548.45,,,
3/7/2015,360.99,892.44,479.08,494.07,559.8,916.16,504.47,,,1000,1000,,450.08,516.34,458.43,1000,618.99,952.78,446.32,819.41,566.85,,,613.08,917.16,,451.77,550.36,457.1,343.58,,582.22,696.97,,,534.19,1000,420.06,,,,535.05,,,
3/14/2015,155.68,430.6,486.1,421.98,477.46,657.56,35.63,,,487.3,1000,,496.84,430.91,531.04,284.59,633.18,429.38,444.62,177.41,592.61,,,535.94,501.21,,527.37,560.67,345.39,728.72,,786.88,720.91,,,491.5,172.61,368.38,,,,520.97,,,
3/21/2015,319.6,153.19,378.89,1000,416.72,170.11,61.39,,,543.31,698.54,,330.06,390.5,453.39,690.65,762.19,345.38,442.81,168.56,570.6,,,411.45,580.48,,305.42,367.36,438.38,720.01,,353.3,379.68,,,422.25,240.4,433.03,,,,485.74,,,
3/28/2015,380.91,190.83,369.3,308.47,449.43,364.81,256.69,,,458.72,636.97,,311.7,440.99,229.38,957.49,270.18,467.84,440.88,178.59,536.93,,,338.65,644.17,,315.55,326.05,310.18,378.83,,493.87,495.63,,,401.83,595.9,450.79,,,,519.28,,,
4/4/2015,741.84,300.9,402.14,1000,398.5,256.22,842.63,,,181.84,1000,,476.83,453.25,271.69,627.25,775.7,389.55,438.81,379.62,894.13,,,365.16,560.3,,526.02,378.49,397.16,1000,,356.95,436.16,,,477.92,340.4,517.73,,,,489.83,,,
4/11/2015,571.93,924.69,482.37,423.33,544.42,379.04,1000,,,269.36,949.41,,411.65,466.13,504.14,395.9,466.63,366.61,436.6,171.41,385.38,,,586.1,491.8,,568.53,350.74,382.39,262.31,,495.69,451,,,442.52,379.19,639.75,,,,458.27,,,
4/18/2015,455.54,479.86,469.13,965.32,511.7,345.13,646.99,,,169.76,594.54,,513.57,510.19,661.68,307.38,167.18,758.44,17.37,856.77,29.13,,,397.67,433.36,,828.94,470.12,392.73,370.71,,293.61,1000,,,585.42,453.77,782.13,,,,492.52,,,1000
4/25/2015,370.92,664.8,535.99,576.57,445.91,401.77,392.26,,,458.27,510.89,,498.65,557.79,463.87,270.95,359.56,527.44,60.67,1000,107.65,,,440.81,460.45,,537.06,314.28,454.71,258.34,,600.95,341.22,,,636.16,384.22,658.73,,,,500.8,,,1000
5/2/2015,228.11,758.79,545.23,492.76,508.61,568.13,1000,,,1000,399.72,,610.5,482.87,639.52,535.5,940.35,629.55,51.76,97.65,212.19,,,585.2,411.08,,757.69,808.6,522.16,162.52,,767.48,465.29,,,620.04,330.36,583.29,,,,498.84,,,1000
5/9/2015,290.94,899.91,516.15,444.23,599.95,717.96,292.67,,,264.29,287.74,,658.87,544.46,864.83,796.38,530.29,556.63,37.16,310.45,345.55,,,758.01,446.95,,412.54,255.52,404,446.51,,399,239.62,,,575.38,727.96,562.71,,,,509.36,,,864.95
5/16/2015,229.95,298.76,569.44,482.11,410.06,1000,905.73,,,544.42,342.02,,579.05,509.51,120.84,287.52,559.47,455.55,285.17,757.84,54.19,,,598.94,483.85,,480.69,767.72,650.58,300.26,,747.92,191.62,,,480.76,1000,447.05,,,,477.38,,,571.7
5/23/2015,294.17,138.52,536.1,445.64,801.83,541.64,859.28,,,536.94,126.86,,513.27,506.86,326.78,387.14,648.82,638.87,735.05,483.61,1000,1000,,441.09,649.99,,651.54,672.25,796.51,583.13,,267.75,346.76,,,594.96,498.69,505.21,,,,480.56,,,507.43
5/30/2015,965.66,569.88,655.16,503.42,461.23,393.47,845.44,,,541.28,929.8,,602.56,564.39,549.48,764.47,331.45,504.16,1000,247.53,143.07,923.07,,450.62,440.67,,431.52,829.49,393.07,806.21,,679.04,423.51,,,481.96,500.77,731.17,,,,587.23,,,621.8
6/6/2015,380.19,784.58,509.78,371.59,510.36,271.13,446.58,,,1000,808.85,,454.03,527.63,30.71,766.84,741.91,514.3,1000,50.35,105.16,518.79,,379.98,758.97,,551.43,924.34,755.19,1000,,759.21,525.86,,,530.89,273.36,593.56,,,1000,550.97,,,494.87
6/13/2015,168.5,362.96,543.42,505.53,465.69,325.25,545.28,,,217.88,227.69,,567.64,541.16,983.12,335.33,502.63,663.42,1000,746.44,783.15,213.88,,520.53,601.81,,488.19,717.47,385.26,702.18,,312.18,746.87,,,488.29,446.6,776.1,,,451.96,541.09,,,519.02
6/20/2015,243.3,328.03,475.96,412.9,508.46,370.36,629.03,,,445.51,235.74,,613.72,519.86,693.56,570.75,621.54,704.16,1000,1000,81.32,471.88,,405.49,511.74,,475.91,672.19,430.87,1000,,539.33,486.17,,,621.12,455.68,732.35,,,252.75,518.41,,,652.26
6/27/2015,204.21,792.63,534.45,575.59,474.44,440.04,885.38,,,311.43,1000,,692.37,544.82,171.72,940.38,354.54,596.93,46.24,1000,219.46,526.1,,708.91,725.7,,552.92,762.43,574.55,1000,,773.05,1000,,,626.41,533.81,247.52,,,244.81,514.81,,,550.64
7/4/2015,1000,1000,552.61,1000,442.52,594.88,1000,,,312.78,485.54,,509.86,533.32,577.19,692.83,678.22,496.31,38.61,252.64,711.11,237.2,,682.62,685.62,,637.93,454.54,323.76,334.42,,427,577.67,,,441.6,893.32,505.14,,,492.97,518.13,,,464.37
7/11/2015,1000,419.58,514.5,516.79,418.28,235.72,495.82,,,501.11,464.86,,559.43,476.31,856.67,797.26,474.5,417.47,453.09,64.82,1000,872.35,,703.15,484.4,,520.84,516.85,706.56,590.85,,502.1,317.51,,,504.36,720.92,489.81,,,534.83,507.86,,,603.89
7/18/2015,1000,415.08,507.47,434.89,424.86,670.4,404.8,,,316.81,286.45,,381.87,508.08,588.52,566.81,139.72,466.27,879.78,513.05,1000,739.21,,565.32,585.89,,690.09,360.19,460.97,92.16,,677.99,509.55,589.35,,586.78,1000,800.44,,,492.77,482.73,,,631.3
7/25/2015,1000,796.28,537.45,549.01,399.16,334.17,180.59,,,415.61,1000,,461.27,530.06,593.37,205.21,336,367.99,1000,935.33,978.8,388.63,,525.12,493.65,,774.23,424.58,783.7,200.63,,182.17,381.61,520.75,,526.17,434.72,561.28,,,821.68,494.86,,1000,595.81
8/1/2015,791.31,575.99,566.32,628.4,424.49,513.39,780.46,,,648.99,1000,,564.01,539.04,488.33,452.25,568.83,479.22,22.94,817.97,288.54,395.61,,513.09,605.42,,602.74,341.93,898.2,138.97,,179.35,405.91,573.71,,423.99,304.93,287.96,,,796.4,538.11,,568.46,651.9
8/8/2015,399.85,490.63,462.05,263.52,645.75,704.46,424.43,,,847.03,318.33,,470.84,506.23,940.69,747.45,557.97,599.44,791.79,1.24,70.41,349.17,,507.76,369.26,,576.99,495.25,1000,317.94,,364.45,307.25,607.23,,466.75,416.75,412.96,,,454.18,505.45,,33.31,492.63
8/15/2015,725,326.98,456.12,279.01,737.39,821.37,533.71,,,201.41,208.07,,401.9,601.46,647.07,388,492.22,562.18,637.59,32.56,80.64,655.15,,531.8,446.42,,467.74,637.98,715.84,581.29,,659.1,511.18,560.71,,468.63,420.43,226.88,,,279.74,495.81,,159.67,726.74
8/22/2015,555.15,441.25,487.1,529.59,428.71,629.71,424.05,,,606.1,197.51,,529.56,535.28,196.26,436.91,694.72,491.88,532.36,1000,1000,689.35,,576.05,601.22,,452.77,403.93,291.86,462.14,,344.39,423,580.96,,542.59,421.1,576.13,,,231.56,482.12,,43.92,560.4
8/29/2015,177.08,606.93,484.52,571.74,378.89,378.51,444.27,,,694.46,443.44,,539.78,411.12,541.54,447.94,657.08,728.62,1000,408.2,39.46,417.58,,441.64,540.36,,480.31,362.28,237.44,822.66,,552.08,334.26,557.38,,506.16,519.84,383.63,,,515.71,528.38,,243.78,568.3
9/5/2015,181.51,388.01,525.61,677.08,494.31,350.89,329.26,,,527.41,224.41,,446.03,523.46,516.38,772.06,433.91,525.97,740.55,48.45,125.28,786.15,,529.39,602.86,,364.15,537.09,515.77,509.68,,435.73,671.02,598.81,,541.09,489.17,549.78,,,554.45,515.26,,1000,547.61
9/12/2015,291.84,692.45,512.13,639.67,493.19,758.48,500.62,,,707.12,152.29,,505.01,501.06,683.83,522.63,161.15,312.54,552.24,919.38,169.17,714.03,,532.17,435.04,,424.42,416.24,277.25,1000,,440.95,786.42,593.42,,461.67,858.22,425.57,,,830.29,555.38,,243.92,584.79
9/19/2015,278.68,604.04,551.28,545.09,582.76,507.18,373.68,,,817.92,1000,,441.03,473.06,1000,466.51,492.28,398.81,304.25,1000,652.72,777.42,,646.79,404.72,,411.06,527.41,239.39,528.62,,336.44,359.17,607,1000,568.31,938.04,491.13,,,490.71,560.31,,175.82,540.04
9/26/2015,106.87,485.85,546.9,600.68,600.8,492.06,247.24,,,368.65,1000,,619.98,526.56,205.51,457.58,510.2,536.86,293.89,833.24,106.59,850.6,,700.32,965.69,,499.98,689.29,792.92,438.39,,488.31,796.38,542.82,1000,597.98,330.08,552.15,,,374.39,530.14,,1000,544.31
10/3/2015,54.66,349.77,484.41,670.78,622.96,675.06,902.08,,,477.36,695.45,,480.21,498.87,783.41,368.12,643.51,584.38,187.1,644.61,181.38,461.92,,490.6,511.11,,485.61,489.31,678.16,196.78,,577.67,414.02,566.77,74.25,506.53,133.69,431.14,,,748.45,588.04,,44.3,550.06
10/10/2015,211.64,555.82,616.99,374.73,455.29,469.1,1000,,,285.44,173.79,,458.1,562.24,133.37,517.74,306.15,605.14,77.28,639.5,609.88,439.64,,433.22,447.91,,479.3,590.82,1000,386.68,,427.54,754.44,571.49,678.01,521.99,1000,746.81,,,1000,542.46,,38.49,428.97
10/17/2015,520.97,616.15,571.64,545.43,601.91,940.13,1000,,,326.03,267.4,,620.04,572.76,530.82,526.76,711.5,590.3,299.85,545.41,1000,405.45,,352.52,640.28,,507.14,400.87,1000,302.49,,975.69,960.43,630.05,125.24,528.2,296.83,644.97,,,313.55,547.38,,140.96,571.07
10/24/2015,1000,791.46,583.25,1000,759.53,748.04,182.11,,,760.11,938.55,,511.03,638.97,254.96,545.98,882.89,1000,637.64,288.48,445.02,468.08,,446.89,717.45,,640.21,437,1000,558.08,809.66,524.01,542.2,615.84,888,653.74,831.68,820.49,,,626.48,558.89,,1000,715.55
10/31/2015,1000,796.46,673.92,859.76,722.21,609.88,766.07,,,1000,974.79,,712.13,727.12,643.34,1000,530.19,1000,533.11,24.22,1000,352.15,,513.39,660.65,,1000,545.53,551.11,714.93,1000,367.58,644.82,593.89,227.59,739.48,1000,1000,,,491.25,608.62,,1000,607.28
11/7/2015,1000,434.82,548.93,562.35,396.35,534.87,339.16,,,628.23,260.15,,566.18,517.94,747.58,786.25,375.51,512.69,187.31,605.6,56.46,1000,,430.02,468.74,,400.36,520.46,265.58,441.9,470.58,487.32,439.61,576.28,548.49,414.72,494.97,460.02,,,472.64,454.74,,526.6,524.86
11/14/2015,1000,581.45,496.69,737.74,535.6,387.83,104.15,,,531.73,765.55,,375.03,494.34,910.34,367.91,414.86,782.33,167.12,1000,1000,838.69,,432.77,452.72,,442.61,963.62,301.6,787.93,634.13,363.82,564.76,554.67,367.52,415.83,260.48,564.24,,,435.66,459.79,,1000,559.54
11/21/2015,1000,234.68,524.03,447.61,492.65,401.3,244.04,,,604,570.14,,546.26,457.66,1000,586.98,700.87,1000,124.61,639.34,54.09,425.09,,477.3,389.84,,437.32,927.57,333.77,259.05,460.79,640.09,282.37,513.96,71.27,564.82,447.82,394.36,,,631.84,406.98,,522.56,551.65
11/28/2015,451.99,638.84,444.41,560.98,418.35,549.99,227.8,,,720.65,594.71,,560.52,495.01,14.04,878.72,799.46,805.33,63.5,889.14,404.58,437.97,,662.39,506.69,,697.66,706.18,430.97,365.39,671.47,357.45,477.44,591.15,26.86,452.96,340.27,331.14,1000,,583.85,482.71,,1000,638.12
12/5/2015,154.42,283.36,510.75,737.97,496.34,656.89,384.37,,,654.95,439.7,,515.61,468,225.33,672.29,425.37,716.3,604.35,14.57,76.47,501.48,,538.59,492.52,,610.65,945.17,324.64,464.13,715.88,1000,490.41,719.6,790.65,563.76,561.17,509.41,337.26,,506.38,492.5,,486.73,516.81
12/12/2015,179.69,797.58,601.01,427.45,492.15,891.72,498.65,,1000,390.51,354.35,,534.13,498.23,24.45,553.64,815.15,546.98,1000,740.91,50.25,335.11,,644.05,594.83,,743.9,479.75,1000,719.94,426.94,839.79,949.83,724.02,49.06,511.86,451.34,680.64,837.5,,417.24,512.34,,667.65,589.28
12/19/2015,212.63,570.46,475.81,502.52,402.89,360.34,484.61,,297.7,134.87,578.9,,433.32,338.35,831.92,478.17,71.82,241.63,166.95,298.45,151.76,345.97,,462.54,592.25,,391.33,438.9,285.59,212.85,326.48,288.26,675.72,667.84,190.25,506.62,1000,279.12,316.85,,940.48,382.08,,501.38,446.83
12/26/2015,193.87,205.84,236.92,234.44,301.52,350.63,547.77,,132.29,282.52,460.39,,418.16,308.56,98.33,285.61,253.09,265.1,373.22,203.36,193.19,506.28,,360.47,359.85,,688.52,521.78,601.64,147.46,290.03,197.73,177.36,532.24,1000,369.57,1000,272.03,143.78,,430.07,383.03,,157.4,474.96
1/9/2016,255.98,437.89,353.66,600.91,531.98,508.47,364.8,,580.26,151.77,360.23,,453.54,548.17,58.3,190.78,502.37,317.67,721.56,17.76,575.72,734.13,,636.02,577.46,,648.49,915.12,428.2,707.02,529.35,544.46,371.29,391.92,376.98,433.62,452.35,585.54,412.76,,606,554.71,,101.32,644.2
1/16/2016,1000,326.35,456.93,471.98,584.83,503.13,330.58,,675.88,512.6,779.33,,573.19,576.77,158.83,575.9,784.65,272.84,421.35,223.04,1000,491.25,,659.75,628.14,,548,548.68,651.38,360.24,360.65,558.29,388.48,460.04,33.48,557.24,416.91,369.59,202.34,,573.05,543.1,,175.75,562.9
1/23/2016,174,907.58,428.54,622.98,547.85,680.42,431.04,,654.6,612.87,863.49,,469.33,513,223.97,438.21,411.1,316.61,461.08,1000,1000,596.07,,678.49,353.14,,374.17,330.94,810.95,633.76,373.77,506.92,579.39,437.08,362.78,518.13,263.71,451.61,640.15,,515.36,499.81,,202.75,610.63
1/30/2016,408.44,519.36,433.79,389.78,599.14,942.2,416.86,,504.15,744.53,437.25,,599.64,627.81,168.52,310.15,325.9,359.53,496.38,533.6,1000,529.66,,806.37,409.16,,322.92,288.4,247.77,327.41,1000,954.66,463.8,488.54,469.27,791.01,107.96,940.87,892.02,,884.09,540.74,,65.81,638.04
2/6/2016,281.75,809.45,554.14,598.14,463.59,285.75,608.45,,575.15,632.6,858.54,1000,477.97,574.74,645.42,774.16,802.94,499.16,251.45,648.56,925.86,882.31,,441.56,524.89,,407.71,409.66,220.54,351.12,541.62,532.56,547.29,530.45,969.47,575.1,302.1,500.24,1000,,413.25,575.99,,115.34,617.29
2/13/2016,743.15,372.27,590.03,560.77,530.28,316.48,535.77,,838.72,954.97,516.08,1000,581.64,565.45,584.93,1000,355.44,568.17,1000,593.5,1000,750.55,,408.57,503.86,,303.03,225.28,168.32,437.68,521.85,410.74,391.42,607.76,123.91,557.4,162.33,288.39,913.73,,790.9,578.2,,108.15,593.94
2/20/2016,964.63,473.38,491.38,445.45,528.79,183.61,390.59,1000,610.05,478.59,355.23,932.89,433.33,493.23,366.7,608.35,718.85,462.95,1000,517.9,1000,584.92,1000,490.34,603.08,,606.97,551.29,400.78,348.39,663.13,650.75,538.92,640.7,458.07,483.91,275.48,465.47,1000,,635.6,583.47,,1000,543.66
2/27/2016,1000,515.84,508.81,520.02,442.13,417.28,410.22,865.46,305.89,655.3,225.03,604.91,478.37,549.29,888.47,422.07,633.4,590.39,287.44,584.07,21.17,554.76,1000,455.46,726.03,,550,627.47,243.49,410.36,426.3,463.75,527.6,546.51,933.55,557.19,364.73,340.95,1000,,646.02,597.93,,519.63,639.46
3/5/2016,503.34,727.09,574.4,486.38,555.6,535.2,789.2,334.48,957.51,1000,834.61,411.81,527.37,579.08,528.32,519.21,820.02,592.39,150.61,1000,8.56,688.63,39.11,396.86,784.68,,598.97,499.84,297.12,660.02,710.71,524.94,563.85,617.14,613.8,601.4,502.93,767.77,192.74,,829.88,533.38,,1000,767.52
3/12/2016,467.64,349.95,555.63,474.03,535.32,355.86,467.97,292.17,426.17,655.36,290.07,280.1,564.84,513.36,146.64,551.06,851.92,675.27,446,983.87,9.51,662.48,57.11,410.86,418,,863.88,598.73,380.5,1000,553.06,625.54,658.59,560.55,313.47,452.9,520.11,376.58,225.84,,434.39,547.82,,210.09,698.61
3/19/2016,478.93,292.11,495.9,514.73,554.42,347.78,418.11,233.64,432.2,733.3,354.81,201.84,580.92,461.29,280.6,680.99,137.56,472.6,177.16,187.53,10.49,773.99,74.84,695.38,484.71,,880.35,328.62,219.53,521.44,294.32,588.42,534.64,572.26,110.36,448.46,258.56,261,633.49,,316.09,550.53,,1000,552.43
3/26/2016,272.8,408.99,415.19,374.53,682.52,469.07,452.99,259.78,139.13,478.57,561.23,140.61,501.49,461.27,389.03,554.71,336.15,292.68,561.17,181.88,1.13,583.11,13.84,444.82,354.93,,417.74,404.8,501.16,757.96,645.91,717.36,603.19,512.4,400.62,481.38,326.64,330.31,1000,,603.02,518.58,,274.47,515.94
4/2/2016,1000,448.19,497.86,540.53,502.05,446.43,370.46,322.88,365,308.68,446.45,47.72,489.56,502.97,615.41,358.92,256.65,466.69,305.93,205.21,2.56,711.9,22.25,448.64,424.77,,533.69,732.73,382.35,861.03,327.44,464.14,552.57,526.33,1000,583.96,435.18,688.95,227.74,,138.33,495.21,,143.15,556.67
4/9/2016,1000,1000,602.86,832.93,547.06,346.7,554.3,633.5,598.32,511.39,534.77,151.94,477.63,515.05,429.15,814.21,199.28,422.96,311.67,254.9,1000,408.52,77.37,412.22,491.59,,511.85,383.84,540.84,595.15,400.84,521.58,703.94,551.21,596.19,465.09,552.17,445.79,168.19,,447.21,504.15,,927.1,543.11
4/16/2016,104.46,405.72,495.78,446.02,397.71,373.67,310.85,736.67,618.59,397.8,511.72,229.09,445.28,531.76,1000,601.62,228.89,410.22,369.83,285.38,5.17,482.98,254.96,471.35,378.84,,446.74,454.85,422.92,547.46,395.26,705.9,520.76,542.66,478.26,482.98,302.02,466.69,744.57,,422.59,497.04,,132.01,366.86
4/23/2016,155.11,359.97,629.28,389.93,416.43,566.49,1000,898.64,974.97,350.37,676.8,144.83,442.92,542.17,401.7,642.09,764.51,462.19,1000,543.8,486.8,711.17,158.11,391.6,589.18,,632.33,579.88,375.61,399.4,626.52,419.38,809.91,551.2,441.94,489.88,1000,516.63,119.71,,652.84,477.91,,509.71,322.23
4/30/2016,377.53,624.39,495.69,979.72,420.79,794.84,708.81,520.11,484.3,432.06,263.92,1000,417.73,571.83,671,442.66,414.64,1000,1000,744.92,28.53,597.67,1000,557.3,589.25,,716.38,520.1,569.45,1000,784.2,627.64,671.67,595.57,1000,703.69,1000,888.99,316.3,,707.06,483.56,,1000,396.22
5/7/2016,212.79,343.57,436.32,451.75,472.73,341.25,487.11,913.59,761.23,360.52,439.6,1000,439.38,484.29,219.64,613.19,1000,784.78,337.08,1000,96.78,791.62,1000,719.36,779.46,,589.59,473.24,676.12,316.03,725.65,312.74,615.69,498.93,1000,542.18,303.84,580.25,194.84,,556.77,471.5,,24.36,406.1
5/14/2016,257.79,669.96,447.49,708.08,509.77,418.44,385.45,422.64,808.9,437,541.76,1000,491.43,525.85,364.99,627.57,743.34,676.46,158.43,1000,160,679.93,966.35,460.92,555.79,,456.23,360.57,909.42,418.95,641.16,682.2,790.52,524.03,1000,478.16,394.85,509.05,707.63,,557.01,527.45,,566.83,339.36
5/21/2016,214.37,479.78,482.14,495.11,545.56,465.42,427.48,559.77,552.85,333.95,309.2,477.25,446.1,547.36,326.6,757.81,1000,500.83,20.96,72.68,15.48,640.68,1000,679.65,702.42,,413.6,390.05,605.5,533.47,634.53,769.71,466.93,588.93,370.47,527.86,212.35,456.95,173,,506.7,506.69,,396.37,370.57
5/28/2016,770.34,399.14,468.54,600.27,514.42,471.91,515.88,774.31,953.12,553.46,341.95,1000,449.9,617.06,1000,328.15,646.47,602.34,115.57,39.04,1000,511.37,830.11,504.58,680.59,,404.39,664.76,886.55,826.69,517.62,383.58,338.09,606.11,1000,562.78,340.94,1000,172.08,,378.62,506.97,,389.42,407.06
6/4/2016,1000,568.59,564.35,397.33,553.57,270.7,412.12,574.62,654.31,545.42,1000,1000,661.63,585.13,442.2,664.08,304.22,608.37,487.7,4.43,275.55,672.66,1000,642.8,649.79,,539.9,714.29,934.65,286.14,765.36,464.3,430.77,612.29,345.5,549.26,411.85,564.3,719.64,,395.09,505.34,,1000,485.57
6/11/2016,1000,526.7,545.02,449.54,671.16,673.98,545.21,1000,580.47,624.75,442.83,1000,501.06,481.99,295.16,447.24,501.99,357.75,232.69,87.03,1000,753.07,1000,443.32,440.28,,552.39,635.41,427.58,265.25,1000,516.32,443.59,541.19,814.3,467.86,1000,582.97,649.59,,320.41,538.52,,477.93,403.63
6/18/2016,910.58,552.65,576.29,1000,578.66,431.81,1000,479.92,974.39,779.49,381.1,188.53,556.38,594.18,1000,499.12,377.35,871.41,1000,175.17,1000,534.57,889.6,554.6,735.13,,724.34,952.8,294.32,424.39,981.16,271.59,499.52,612.73,975.06,595.57,830.52,591.73,756.05,,662.8,511.23,,1000,717.66
6/25/2016,115.41,246.04,605.87,399.38,528.73,937.29,558.11,1000,593.82,591.04,578.46,763.45,500.73,515.35,1000,257.75,404.67,597.92,25.14,357.42,495.47,502.1,280.22,519.77,701.54,,1000,837.26,786.63,420.92,466.61,340.89,407.4,554.2,281.58,529.54,1000,379.21,307.74,1000,439.32,461.5,,140.19,444.58
7/2/2016,219.01,340.93,464.61,360.69,446.52,599.69,354.22,193.94,608.78,395.85,577.58,929.35,444.49,499.15,225.22,164.66,420.36,484.29,882.85,596.28,10.58,453.53,550.77,598.28,565.37,,308.77,492.18,343.33,306.56,290.22,528.07,436.57,500.73,426.15,482.79,701.13,332.24,540.17,1000,836.16,487.97,,82.9,329.8
7/9/2016,92.11,467.82,489.46,370.34,382.77,360.33,612.44,265.08,310.15,147.86,717.73,84.73,463.27,463.98,1000,253.19,994.25,432.22,710.01,5.02,16.33,446.85,231.86,621.23,266.09,,446.91,421.78,542.11,216.75,297.85,364.77,421.35,483.97,109.22,424.01,489.69,281.52,521.82,1000,637.53,446.62,,173.56,471.21
7/16/2016,113.55,603.1,477.09,415.28,406.71,572.12,787.18,381.77,267.58,447.25,880.87,84.37,411.9,437.92,147.79,350.97,472.66,360.42,1000,499.72,51.85,609.83,476.35,589.07,459.41,,351.74,310.8,392.39,300.02,433.38,445.79,477.32,511.17,335.34,464.07,718.81,452.27,546.24,616.19,779.71,519.55,,588.45,484.96
7/23/2016,224.97,426.19,497.88,307.06,467.25,523.56,267.28,329.68,220.65,348.11,395.09,418.89,420.78,417.79,232.28,439.25,623.09,366.06,355,1.4,206.26,674.96,255.7,491.55,797.23,,411.31,346.63,988.27,635.62,299.14,362.72,477.45,527.87,334.31,440.85,234.78,496.62,449.03,621.69,484.05,489.7,,749.68,370.84
7/30/2016,271.57,577.02,493.48,291.53,424.82,573.97,249.79,518.09,446.49,499.44,159.69,623.87,436.81,492.32,317.51,461.77,228.44,461.27,642.4,24.45,771.04,343.93,923.63,386.37,542,,492.19,326.82,183.71,393.09,544.64,877.28,376.31,540.81,257.58,562.08,83.85,1000,392.67,80.33,515.57,482.09,,225.74,336.45
8/6/2016,1000,363.19,559.72,629.44,554.79,449.28,602.58,402.76,561.27,407.75,915.4,360.75,717.89,527.01,491.49,453.72,333.25,452.19,113.84,63.11,1000,380.47,547.43,365.05,614,,387.1,623.63,550.9,683.89,693.93,811.74,457.55,550.64,676.32,441.29,615.65,434.76,509.7,369.8,717.3,477.45,,216.55,422.79
8/13/2016,246.6,343.28,504.68,541.32,750.39,231.63,343.17,363.75,417.74,595.18,262.2,253.7,675.52,544.73,623.32,462.43,329.92,508.94,552.13,200.07,1000,296.26,253.19,475.91,338.58,,583,720.55,712.39,609.86,493.56,530.35,586.59,549.78,219.92,439.03,473.11,424.69,385.08,330.96,479.63,559.78,,1000,299
8/20/2016,302.07,283.37,527.04,604.21,519.31,348.07,459.93,524.07,769.37,863.19,291.77,134.67,446.58,495.62,241.82,562.25,238.99,459.28,173.2,1000,695.36,343.76,747.57,426.26,409.71,,493.3,587.31,576.09,292.63,661.24,503.3,437.65,570.61,496.74,456.8,355.73,440.23,685.16,103.04,541.26,561.16,,584.7,549
8/27/2016,330.69,546.08,568.81,497.85,593.02,695.31,408.12,395.8,1000,483.55,673.35,442.64,553.06,551.05,692.28,312.66,359.86,555.98,497.28,229.96,89.85,310.11,529.93,457.2,470.31,,482.45,1000,726.76,213.72,352.69,534.61,661.72,569.06,733.17,623.46,523.96,543.18,976.94,248.63,802.75,474.39,,434.14,427.66
9/3/2016,341.68,503.39,488.45,684.14,616.88,649.96,286.42,501.7,524.6,604.06,445.84,222.83,497.56,478.65,668.22,274.09,324.07,596.2,745.44,1000,28.18,430.19,246.76,654.57,501.05,,488.01,729.1,896.91,573.66,405.73,396.33,427.54,573.16,730.45,643.87,673.53,473.33,1000,1000,672.52,464.21,,729.84,468.27
9/10/2016,481.93,594.49,467.51,847.75,393.76,401.31,585.4,435.91,509.39,355.71,300.95,423.62,476.32,494.73,911.19,654.61,1000,576.08,239.03,1000,19.67,544.48,1000,553.64,434.06,,520.21,547.93,837.71,678.7,984.14,215.46,395.84,568.03,309.55,457.02,388.87,934.06,1000,1000,1000,438.45,,382.65,396.52
9/17/2016,875.35,789.55,505.39,636.72,510.89,360.65,582.47,517.59,545,521.76,617.43,732.86,452.86,484.81,373.68,793.91,444.5,625.96,986.34,325.19,11.69,560.63,452.11,497.66,384.52,,541.89,479.19,367.45,423.67,361.48,402.02,399.26,536.24,182.39,442.31,438.5,392.23,502.67,140.12,565.97,498.61,,984.24,376.09
9/24/2016,664.53,710.5,581,372.66,622.91,234.13,678.39,541.13,487.64,463.51,418.23,1000,591.77,479.9,428.1,604.43,508.36,591.54,1000,31.46,619.56,780.7,978.23,609.19,509.73,,536.9,460.25,189.69,388.55,591.06,582.5,336.62,487.48,176.71,476.88,542.97,368.49,779.17,973.05,407.03,519.03,,1000,437.01
10/1/2016,422.43,442.44,541.79,634.68,582.45,304.89,694.26,500.89,445.27,590.87,328.98,656.27,511.23,608.69,432.2,503.4,442.6,510.53,1000,798.7,457.21,584.32,694.24,514.38,449.19,,463.75,550.75,327.53,1000,433.18,529.69,394.07,520.7,1000,549.08,343.81,366.52,853.88,499.56,325.24,501.4,,313.65,439.97
10/8/2016,982.89,594.02,480,642.08,722.47,512.64,534.47,516.66,677.65,493.27,820.42,715.28,600.81,541.34,377.61,280.86,281,566.1,1000,372.38,1000,541.5,405.56,431.66,366.17,,377.18,423.31,201.82,787.46,759.06,274.03,541.17,545.66,753.15,530.96,360.87,331.12,777.86,468.44,379.67,513.8,,326.77,566.1
10/15/2016,185.47,409.24,515.36,520.93,566.07,549.29,712.05,667.72,832.49,678.06,672.82,537.03,670.92,553.24,413.19,402.63,767.18,461.15,927.89,823.66,598.4,454.14,571.49,571.48,677.95,,610.54,393.58,816.11,458.41,722.05,506.07,441.54,547.09,831.46,442.96,541.23,504.63,1000,471.58,432.49,491.15,,783.15,644.82
10/22/2016,467.74,304.73,546.67,631.68,479.93,868.29,805.89,327.62,539.65,510.78,434.31,494.96,587.63,525.25,474.94,333.32,348.46,459.9,513.64,139.91,765.3,454.04,587.21,547.17,826.56,912.4,652.57,497.64,988.59,550.43,497.04,462.72,659.41,498.28,671.5,458.35,370.85,477.25,226.63,976.71,397.75,551.72,,36.77,438.5
10/29/2016,257.34,251.94,565.46,734.37,444.3,622.9,516.61,460.54,643.25,238.36,383.79,29.76,516.04,559.29,469.78,155.27,509.38,508.18,646.84,95.98,243.23,514.78,408.29,490.23,1000,929.37,639.28,537.49,469.85,506.62,756.13,602,569.43,536.77,1000,654.37,590,477.05,281.54,1000,601.68,548.76,,150.35,648.28
11/5/2016,376.76,581.01,524.31,623.86,510.37,805.97,503.44,537.97,589.29,206.95,823.67,343.23,587.32,550,370.01,636.73,943.92,556.93,784.66,91.07,1000,523.53,463.25,479.74,721.72,1000,581.44,444.14,686.6,326.44,783.58,489.95,864.21,542.01,441.25,521.39,713.91,793.32,320.77,495.51,485.98,570.79,,513.99,622.56
11/12/2016,540.17,702.89,571.61,523.35,506.33,313.57,729.84,599.04,400.49,478.74,749.28,20.33,711.08,454.63,399.42,447.95,595.61,437.77,556.25,48.59,1000,517.56,458.72,468.83,608.98,1000,672.81,496.06,208.6,519.61,469.36,386.86,420.82,482.95,1000,469.18,1000,816,636.37,173.36,503.55,489.83,,125.5,594.08
11/19/2016,666.89,621.09,663.09,529.95,638.06,397.2,542.46,578.39,446.06,553.53,961.75,234.53,386.17,572.12,1000,983.7,362.98,649.1,757.55,115.97,581.26,491.41,927.47,1000,1000,1000,812.81,366.18,216.65,697.38,436.23,619.33,808.85,511.81,463.1,495.77,1000,576.24,1000,1000,429.73,542.95,,88.53,404.99
11/26/2016,707.57,647.83,532.19,430.95,487.08,236.07,976.73,503.91,527.54,474,499.34,1000,500.69,541.45,256.58,532.77,500.09,1000,32.4,1000,138.42,501.92,729.07,575.51,760.66,1000,615.34,601.33,1000,508.11,533.95,419.68,711.16,523.35,307.11,497.42,559.59,581.17,605.61,313.21,537.64,455,,1000,421.25
12/3/2016,1000,698.79,519.93,675.22,340.7,716.95,1000,883.65,630.61,456.91,731.83,605.34,692.57,595.22,376.39,591.61,1000,657.51,321.84,79.64,319.26,844.61,594.98,482.93,808.53,1000,595.93,551.95,496.46,438.57,519.61,749.24,400.51,538.23,637.9,555.82,454.32,691.07,752.35,246.55,749.23,531.18,831.19,1000,479.44
12/10/2016,923.95,537.46,515.02,381.12,440.82,1000,533.21,733.26,726.34,794.08,250.29,1000,481.38,599.28,731.3,393.28,576.22,421.35,183.97,325.27,694.04,753.77,1000,531.22,1000,1000,417.19,568.61,1000,670.88,1000,703.81,686.7,543.02,193.93,493.33,434.31,678.12,362.25,612.66,581.91,533.22,672.82,1000,407.54
12/17/2016,491.26,678.67,560.13,471.01,417.33,352.87,572.83,355.42,685.04,792.08,234.9,94.71,577.62,524,557.43,472.02,637.54,395.65,204.33,307.16,306.31,398.16,564.84,366.17,627.93,623.8,552.56,564.6,268.02,529.27,247.71,495.62,575.65,584.53,343.16,472.27,574.87,546.2,565.82,449.64,914.53,512.86,485.04,115.28,325.13
12/24/2016,354.62,720.52,542.34,634.92,648.64,806.13,794.93,549.22,627.45,622.5,471.85,96.62,582.58,539.55,447.5,791.54,266.26,489.76,41.37,288.28,110.2,464.28,110.04,522.31,761.25,489.82,320.66,840.47,372.58,485.89,250.66,272.7,1000,593.06,490.53,652.99,529.23,430.76,560.7,246.65,599.86,501.95,681.04,919.18,400.67
12/31/2016,441.52,698.19,310.25,650.23,425.93,1000,644.26,412.01,642.89,365.01,186.56,449.11,487.23,400.18,859.38,1000,445.34,435.57,590.37,252.2,895.11,348.25,264.18,440.5,697.13,352.48,342.15,356.45,376.25,468.76,274.1,524.53,227.08,718.03,1000,566.29,392.05,465.31,446.4,786.68,643.57,403.09,642.51,35.79,433.37
1/7/2017,428.12,534.96,454.01,761.51,559.03,592.24,623.9,546.24,456.65,1000,771.6,240.28,553.26,635.6,701.71,244.33,272.03,709.19,302.7,1000,680.66,507.16,303.98,593.25,729.95,470.07,726.46,742.82,463.71,1000,398.53,590.19,295.35,378.39,595.97,619.94,1000,479.23,946.67,1000,543.66,446.1,583.94,1000,544
1/14/2017,331.31,383.73,481.13,381.81,672.03,345.03,435.48,438.68,698.63,437.12,1000,358.66,463.91,542.49,328.49,601.94,448.43,675.64,319.57,852.72,1000,325.14,402.11,558.38,373,427.58,464.61,551.33,286.33,336.41,344.83,464.06,541.21,454.88,681.75,479.94,367.85,784.8,658.26,1000,348.22,507.95,627.01,389.27,405.36
1/21/2017,363.4,338.75,513.84,563.82,517.64,183.22,828.97,466.74,586.51,432.47,235.8,1000,511.06,477.5,445.13,288.09,781.49,640.05,867.1,38.99,217.9,393.87,384.6,510.16,216.29,513.35,502.62,826.97,311.1,578.97,245.8,740.96,341.26,464.27,1000,687.43,659.25,327.59,535.22,603.2,530.16,487.62,626.24,211.63,529.06
1/28/2017,493.21,342.93,484.17,403.43,613,241.91,467.05,128.14,650.44,577.3,180.12,379.51,412.95,471.29,156.43,351.27,499.76,398.34,279.17,1000,830.23,445.49,218.2,462.75,194.85,504.66,459.91,619.13,504.22,999.1,480.23,340.76,517.58,484.15,883.06,503.93,198.03,429.22,574.64,400.77,468.31,540.11,559.25,120.29,458.89
2/4/2017,471.65,398.65,501.4,477.92,535.28,248.22,577.01,334.94,643.24,885.42,402.97,406.53,612.84,567.01,823.5,281.72,304.32,488.92,1000,312.29,669.32,431.5,628.18,470.13,262.66,702.3,518.13,487.88,490.11,1000,523.57,639.73,435.27,519.47,950.9,421.46,541.11,514.98,1000,681.08,533.64,558.01,703.91,206.39,611.81
2/11/2017,679.84,472.42,552.76,557.84,741.78,252.94,616.35,1000,568.12,456.69,237.95,1000,512.44,506.75,468.63,368.27,284.36,399.76,770.82,124.02,414.36,556.02,573.5,810.21,370.82,676.7,656.2,393.3,910.6,390.56,417.78,475.81,804.13,524.71,215.53,381.18,838.08,633.75,397.62,440.68,630.66,513.6,918.93,275.95,556.47
2/18/2017,501.01,615.25,520.32,316.56,436.99,379.8,446.07,1000,393.35,605.01,314.09,207.61,483.35,415.92,226.74,272.78,242.75,370.77,74.38,342.47,531.59,481.91,696.75,714.19,409.51,646.7,692.54,438.52,925.09,288.97,437.16,568.68,499.97,552.01,323.27,386.78,253.73,473.08,366.54,414.26,471.9,496.94,897.56,53.13,433.32
2/25/2017,224.67,467.76,528,1000,427.77,529.94,421.95,1000,592,507.04,809.99,411.62,764.46,555.96,486.08,253.2,346.19,546.18,523.42,722.95,1000,686.3,372.45,451.07,592.29,557.09,436.54,503.54,469.63,608.41,614.96,408.6,500.23,581.76,478.93,551.02,1000,672.12,471.84,195.48,564.49,540.62,854.96,1000,561.87
3/4/2017,899.55,501.18,599.8,602.81,557.96,447.9,697.91,1000,713.17,712.83,455.24,166.68,503.14,592.81,813.56,539.65,1000,773.17,313.89,212.63,393.75,872.27,398.63,535.05,960.42,808.41,817.23,726.28,994.62,573.43,615.4,187.98,582.84,523.73,940.58,623.13,553.38,700.62,496.34,349.35,825.04,603.24,629.93,1000,678.8
3/11/2017,501.52,837.07,546.02,514.74,672.22,921.15,537.93,1000,900.62,360.02,267.83,1000,512.7,586.82,521.62,1000,1000,484.38,208.57,716.39,66.22,583.14,436.99,628.81,452.14,534.81,593.2,641.1,832.06,316.97,534.13,422.62,523.36,504.4,608.12,575.02,422.65,786.25,446.22,231.99,517,522.88,646.25,218.56,512.6
3/18/2017,499.27,580.37,552.34,464.7,488.33,609.35,420.17,871.59,927.77,403.8,1000,686.96,459.48,584,653.1,305.91,486.22,483.36,1000,801.64,323.73,480.91,649.38,510.83,401.46,484.94,632.49,654.87,502.28,217.86,958.3,469.48,537.58,506.43,460.18,498.72,224.58,433.01,386.26,508.58,569.04,505.88,550.91,384.29,577.73
3/25/2017,170.03,557.24,486.81,273.02,608.56,499.46,494.25,611.94,734.82,397.57,119.02,1000,333.97,547.01,501.98,448.5,549.85,590.84,773.09,262.95,148.22,392.09,604.97,477.22,377.85,371.63,417.42,571.92,557.71,582.72,543.84,441.03,320.62,497.86,367.11,463.45,385.49,501.58,548.63,81.7,461.26,501.51,610.3,99.67,374.21
4/1/2017,949.91,442.72,481.03,432.04,796.72,385.3,588.24,430.04,810.39,423.41,329.7,774.07,340.32,535.05,409.2,490.71,773.74,389.85,250.56,59.78,175.51,412.29,1000,477.22,384.88,442.35,359.32,557.13,651.38,305.2,583.04,485.17,532.8,491.94,313.16,554.28,372.73,352.11,538.57,355.76,608.94,488.88,654.36,300.65,531.27
4/8/2017,720.54,437.33,590.99,467.81,595.58,1000,630.63,417.43,469.42,432.12,468.86,543.56,383.32,512.34,740.12,323.09,486.91,443.97,159.6,571.37,211.17,599.98,429.08,418.02,428.22,558.96,358.95,404.55,494.56,853.15,580.58,387.69,486.53,521.49,493.77,569.85,600.61,299.71,788.65,571.91,641.79,541.29,836.6,1000,587.94
4/15/2017,317.09,280.55,516.73,447.8,426.97,160.5,319.62,449.46,282.81,386.28,136.42,989.2,624.35,460.97,1000,285.08,318.96,501.01,320.96,685.38,355.11,443.82,825.3,288.56,400.22,498.81,356.45,345.26,327.49,293,663.22,390.71,294.84,515.63,1000,385.79,679.68,335.52,685.08,739.17,579.19,500.3,496.52,354.31,441.41
4/22/2017,1000,526.68,502.29,653.87,563.44,171.6,374.04,439.3,423.74,228.68,513.26,1000,526.23,426.62,408.32,643.63,280.04,420.74,706.56,1000,1000,476.28,491.43,646.67,384.78,583.46,525.98,365.3,543.15,400.56,509.6,671.29,352.46,538.77,333.02,435.21,411.12,475.5,433.49,632.54,668.8,521.63,623.02,507.45,439.97
4/29/2017,982.08,486.52,577.41,875.75,507.93,195.23,625.25,524.89,537.02,485.6,263.34,949.12,538.2,551.61,664.62,510.93,631.49,500.26,428.68,609.74,347.61,642.58,649.76,676.92,376.92,526.12,617.35,477.93,691.62,279.9,498.82,553.58,707.1,548.65,651.38,643.04,661.38,488.19,463.7,869.89,652.88,527.96,612.34,366.64,466.12
5/6/2017,614.1,715.66,722.42,1000,662.74,302.31,661.05,537.22,742.32,987.7,255.86,854.61,587.86,784.54,415.97,480.26,450.51,644.28,373.87,767.92,354.1,764.51,105.58,808.07,639.37,596.59,930.18,963.02,1000,570.15,713.75,442.02,473.19,600.34,505.26,537.56,1000,682.58,750.2,1000,904.23,559.2,707.74,367.62,632.17
5/13/2017,532.08,740.27,647.05,1000,665.86,283.32,560.34,792.42,1000,432.3,474.23,610.23,580.86,778.03,546.95,412.9,579.84,709.55,553.49,282.72,426.78,868.89,592.63,992.68,723.65,552.99,853.32,1000,1000,532.21,759.93,900,676.13,625.24,519.72,575.35,710.31,786,367.63,562.8,543.28,569.94,784.69,543.64,651.62
5/20/2017,488.97,545.71,550.07,743.3,519.47,332.14,445.05,546.98,885.85,428.74,727.6,394.66,758.17,655.52,556.15,754.26,827.05,720.74,258.25,252.26,986.79,796.18,1000,524.2,845.3,582.68,599.97,893.42,508.77,693.36,475.16,986.5,681.87,575.91,502.44,477.66,464,617.08,430.96,260.09,675.21,494.93,759.9,986.17,656.17
5/27/2017,500.49,863.09,791.46,1000,645.45,1000,790.05,897.19,1000,743.22,1000,805.52,679.17,1000,818.85,1000,1000,1000,214.75,518.24,390.5,1000,1000,611.06,1000,677.41,1000,1000,908.72,639.19,1000,878.7,1000,718.91,587.01,974.48,1000,692.35,831.55,945.21,979.98,536.68,819.81,1000,885.83
6/3/2017,576.6,685.76,474.23,742.38,553.15,431.45,611.68,429.4,619.62,334.6,999.62,860.65,721.95,516.47,571.7,375.78,1000,732.87,33.51,285.12,1000,804.45,379.5,632.6,602.64,489.94,792.8,631.77,474.55,495.7,511.35,683.5,653.16,518.71,455.08,795.08,489.45,458.41,629.07,579.36,522.84,453.45,796.28,379.35,783.1
6/10/2017,670.27,774.79,557.2,567.62,591.85,695.43,572.02,287.26,597.75,581.07,827.15,420.52,652.02,658.9,815.83,1000,986.64,618.91,290.53,233.3,369.95,655.49,1000,376.16,673.26,559.5,557.21,664.88,739.27,1000,991.8,767.08,787.11,616.42,796.35,535.91,292.1,580.96,453.73,483.36,849.31,537.22,780.61,236.1,894.05
6/17/2017,743.85,772.22,389.35,204.91,385.52,579.21,694.15,249.58,473.01,317.54,274.99,378.69,507.93,545.74,721.38,106.14,500.27,564.18,861.71,1000,285.06,521.38,547.87,287.03,578.22,515.72,1000,647.99,446.23,529.23,524.7,679.09,480.38,558.06,762.33,447.8,483.13,462.7,619.37,744.29,467.14,461.81,798.53,297.79,565.24
6/24/2017,822.82,445.65,390.2,189.5,354.66,700.89,358.58,194.47,418.8,394.94,209.53,146.09,427.25,391.37,498.12,492.22,309.97,433.51,357.16,703.68,1000,405.06,1000,398.88,332.84,562.36,461.17,449.4,340.38,514.57,560.22,641.99,378.41,513.17,704.46,439.39,279.58,636.8,700.21,500.85,574.87,484.01,663.77,1000,660.45
7/1/2017,487.74,555.11,476.78,176.38,331.03,649.23,427.58,210.55,446.33,428.57,219.49,224.28,398.06,423.68,368.74,634.88,603.17,376.23,303.75,287.86,153.34,420.54,1000,530.03,341.43,472.81,422.02,292.64,456.22,948.32,302.09,392.27,329.61,479,304.04,380.84,149.95,391.24,431.72,917.77,438.19,459.62,550.27,385.76,416.9
7/8/2017,344.3,376.47,382.57,281.94,348.28,337.74,312.71,207.25,372.88,440.34,230.9,479.27,435.46,369.16,226.79,259.97,367.36,315.54,1000,307.9,420.5,397.78,436.92,470.77,302.77,509.6,217.3,259.07,489.7,390.55,328.66,314.78,373.75,443.16,520.46,378.51,351.3,420.02,382.89,1000,451.49,434.02,530.07,441.85,380.58
7/15/2017,272.94,397.87,462.78,197.63,326.47,229.23,519.83,292.52,452.51,668.4,235.29,430.72,617.67,391.56,310.07,181.3,235.83,394.18,165.87,267.45,298.82,481.8,399.38,511.85,363.47,458.99,294.2,413.1,477.58,698.37,431.42,333.96,399.85,388.47,541.44,408.53,557.79,437.95,306.46,1000,462.72,445.85,513.65,216.49,309.33
7/22/2017,566.42,474.51,511.66,353.15,420.85,443.11,577.56,326.43,613.71,662.31,228.96,714.8,482.98,471.75,335.26,308.08,475.52,452.05,996.73,271.23,889.17,586.75,503.55,382.71,412.82,582.14,354.7,385.92,608.89,460.53,642.22,356.91,364.48,455.9,347.15,421.53,658.71,360.18,376.84,739.12,462.96,519.03,526.9,184.33,480.51
7/29/2017,426.58,315.38,426.02,466.35,482.68,528.7,493.34,369.17,526.83,393.44,1000,501.07,482.85,427.72,430.18,772.68,297.86,421.29,1000,653.9,160.32,565.18,191.4,443.55,365.73,537.1,262.56,445.8,461.16,426.36,579.82,429.1,465.99,510.03,480.48,580.9,407.4,449.46,384.23,508.11,468.38,476.71,618.35,184.17,397.36
8/5/2017,680.15,379.33,443.51,581.78,476.04,479.3,839.33,605.09,408.35,511.01,213.94,701.14,452.53,984.32,478.95,1000,446.22,555.87,523.39,758.81,329.03,469.54,217.77,343.58,443.19,1000,332.77,632.79,640.79,299.3,749.11,90.51,683.65,1000,658.87,993.37,223.29,754.12,811.17,751.37,892.18,454.61,934.85,316.6,769.77
8/12/2017,1000,734.66,538.86,735.43,468.79,478.55,514.42,500.21,576.21,638.2,455.55,704.02,848.51,608.65,1000,323.47,415.22,714.47,350.31,709.8,760.22,464.89,387.9,442.18,862.52,471,712.66,696.87,852.79,594.78,907.25,747.39,835.02,537.87,343.11,556.35,1000,522.96,257.95,756.4,599.22,548.9,817.6,776.82,563.98
8/19/2017,1000,564.36,700.19,1000,640.5,871.71,541.48,518.1,686.23,427.19,289.97,724.48,578.59,633.51,1000,413.4,543.85,591.97,178.49,1000,1000,959.96,408.99,458.46,1000,479.85,1000,832.07,670.06,729.15,762.32,454.98,800.92,605.69,753.97,594.59,1000,664.67,775.29,463.36,677.8,611.8,894.04,222.57,806.48
8/26/2017,466.75,378.48,661.2,1000,469.47,363.22,570.24,428,693.13,751.1,120.36,723.19,560.63,426.9,893.24,536.66,598.47,443.47,731.49,941.8,194.45,816.47,408.88,615.36,749.29,475.14,584.57,527.87,770.18,667.97,623.2,483.77,461.98,530.14,798.07,428.97,277.57,814.26,619.76,309.37,423.78,513.84,745.21,819.63,537.26
9/2/2017,777.07,649.35,538.38,519.97,606.17,801.62,699.79,555.61,666.97,270.47,411.28,632.47,534.83,492.14,1000,223.41,308.34,726.84,1000,1000,327.77,922.99,362.1,741.44,668.65,419.31,792.92,738.18,977.16,608.38,551.42,410.11,700.35,564.27,1000,629.19,760.81,524.54,559.34,519.13,673.65,557.87,774.24,1000,703.27
9/9/2017,756.18,615.51,521,146.42,583.95,911.71,732.05,853.97,592.15,341.92,205.19,815.31,736.11,478.65,501.83,300.24,831.33,886.72,563.88,873.06,234.45,608.52,664.81,699.86,961.44,454.76,594.63,625.7,603.81,527.52,699.01,723.6,433.33,602.4,534.07,422.59,1000,690.66,653.28,773.96,502.38,506.34,767.91,1000,742.57
9/16/2017,1000,562.54,636.31,164.49,571.65,1000,456.52,1000,620.01,157.75,132.36,558.65,472.28,487.4,506.17,416.4,545.71,806.94,190.02,551.84,715.12,707.31,1000,691.88,1000,500.15,512.37,928.57,732.06,459.2,606.79,454.56,320.01,603.78,626.24,443.81,844.95,856.59,457.46,394.45,504.05,522.79,749.19,317.12,455.46
9/23/2017,465.2,335.95,465.3,166.6,604.77,1000,260.63,1000,392.29,342.82,136.75,392.94,423.16,395.34,301.03,125.72,443.98,496.14,889.62,629.56,309.91,365.26,480.33,542.29,462.95,480.71,398.26,544.34,211.44,228.34,494.77,1000,332.38,451.15,603.34,461.62,309.45,301.97,602.3,228.99,419.38,492.59,572.78,337.24,514.94
9/30/2017,453.81,439.89,421.95,183.36,544.91,511.51,383.11,899.3,548.54,428.59,445.19,541.76,584.35,396.96,287.11,201.21,475.98,385.33,1000,172.63,222.49,352.95,352.21,604.83,376.36,533.15,227.29,425.27,399.63,487.91,429.68,1000,300.44,440.86,426.41,532.65,403.52,361.79,695.58,322.43,495.77,528.39,696.73,621.83,361.93
10/7/2017,670.98,670.75,433.01,190.2,586.11,356.4,935.35,516.86,494.99,230.26,196.42,294.45,499.63,438.99,386.28,196.88,621.72,465.97,32.23,548.95,48.39,392.83,732.65,428.33,366.09,599.57,267.38,372.44,270.83,541.52,558.96,816.23,493.56,427.04,422.81,531.16,613.33,439.23,666.64,330.07,651.32,509.97,727.66,1000,562.13
10/14/2017,910.27,663.94,692.66,531.62,529.69,230.2,602.73,660.02,712.26,1000,576.52,747.14,618.79,531.63,598.73,478.28,617.14,583.51,102.19,1000,277.1,568.38,289.1,424.53,438.81,569.02,428.2,478.14,430.22,501.74,695.89,781.84,741.07,522.83,728.83,465.19,642.1,634.75,668.84,387.64,657.1,463.89,630.24,891.18,541.29
10/21/2017,473.21,394.94,534.18,969.65,452.19,469.1,526.54,533.3,469.05,594.9,1000,532.92,519.01,521.47,306.22,1000,298.59,493.45,222.41,739.24,731.36,559.8,744.26,475.57,350.09,555.18,884.28,690.21,552.41,421.97,534.71,855.16,651.15,493.27,640.74,484.55,604.77,554.69,389.75,576.22,544.31,543.3,941.05,296.94,460.96
