Index,Date,AED,ARS,AUD,BRL,CAD,CHF,CLP,CNY,COP,CZK,DKK,DOP,EUR,GBP,HKD,HRK,HUF,INR,IDR,IRR,JPY,KES,KZT,MAD,MXN,MYR,NGN,NOK,NZD,PEN,PHP,PKR,PLN,RON,RUB,SAR,SEK,SGD,THB,TRY,TZS,UAH,USD,VEF,VND,ZAR
1,3/9/2013,,,0.0973,,0.0339,,,,,,,,0.0262,0.6001,,,,,,,,,,,0.1424,,,0.0016,0.0022,,,,,0.0007,,,0.0173,,,,,,0.0783,,,
2,3/16/2013,,,0.1619,0.005,0.0186,,,,,,,,0.0853,0.6063,,,,0.0023,,,,,,,0.0018,,,0.0007,0.0017,,,,,0.0006,,,0.0178,0.0001,,,,,0.0977,,,
3,3/23/2013,,,0.1925,0.0043,0.0177,,,,,,,,0.1061,0.5917,,,,0.0014,,,,,,,0.0046,,,0.0079,0.0027,,,,,0.0019,0.0003,,0.0043,0.0002,0.0006,,,,0.0639,,,
4,3/30/2013,,,0.0918,0.0022,0.036,,,,,,,,0.1167,0.5712,0.0244,,,0.0014,,,,,,,0.0003,,,0.0085,0.0023,,0.001,,,0.0001,0.002,,0.0008,0.0002,0.0032,,,,0.138,,,
5,4/6/2013,,,0.1819,0.0009,0.0278,0.0034,,,,0.0006,,,0.0661,0.5314,0.0099,0.0005,,0.0009,,,,,,,0.0012,,,0.0071,0.0021,,0.0008,,,0.0005,0.0001,,0.0058,0.0002,0.006,,,,0.1527,,,
6,4/13/2013,,0.0004,0.1877,0.0005,0.0176,0.0149,,,,0.0001,0.0009,,0.1049,0.5565,0.002,0.0004,,0.0001,,,,,,,0.001,,,0.0078,0.0016,,0.0012,,,0.0005,0.0002,,0.0038,0.0002,0.0054,,,,0.0923,,,
7,4/20/2013,,0.0013,0.0975,0.0009,0.0109,0.0061,,,,0.0006,0.001,,0.056,0.735,0.003,0.0001,,0.0007,,,,,,,0.0003,,,0.0038,0.004,,0.0019,,,0.0002,0.0003,,0.0018,0.0003,0.004,,,,0.0704,,,
8,4/27/2013,,0.0017,0.0899,0.0013,0.0227,0.0072,,,,0.002,0.001,,0.0978,0.6609,0.0002,0.0001,,0.0003,,,,,,,0.0014,,,0.0025,0.0033,,0.0019,,,0.0001,0.0004,,0.0014,0.0004,0.0005,,,,0.1033,,,
9,5/4/2013,,0.0017,0.1541,0.0019,0.027,0.0098,,,,0.0052,0.0009,,0.0808,0.5635,0.0008,0.0002,,0.0006,,,,,,,0.0008,,,0.0052,0.0026,,0.002,,,0.0007,0.0006,,0.0123,0.0004,0.0005,,,,0.1284,,,
10,5/11/2013,,0.0031,0.1214,0.0016,0.0133,0.0119,,,,0.0039,0.0007,,0.0473,0.6225,0.001,0.0002,,0,0.0001,,,,,,0.001,,,0.0033,0.0006,,0.0012,,,0.002,0.0006,,0.0009,0.0003,0.0016,,,,0.1612,,,
11,5/18/2013,,0.0033,0.0885,0.0017,0.0074,0.0012,,,,0.0028,0.0007,,0.0656,0.6483,0.0012,0.0003,,0.0006,0.0001,,,,,,0.0006,,,0.0008,0.0016,,0.0093,,,0.0003,0.0006,,0.0028,0.0003,0.003,,,,0.1589,,,0.0002
12,5/25/2013,,0.0006,0.1023,0.0016,0.0071,0.0033,,,,0.0019,0.0008,,0.0879,0.633,0.0009,0.0005,,0.0031,0.0001,,,,,,0.0014,,,0.0043,0.0019,,0.0069,,,0.0011,0.0008,,0.0004,0.0003,0.0003,,,,0.1383,,,0.0012
13,6/1/2013,,0.0009,0.1221,0.0073,0.0091,0.0012,,,,0.0009,0.0007,,0.0857,0.5274,0.0031,0.0005,,0.0016,0.0002,,,,,,0.0017,,,0.0034,0.001,,0.0012,,,0.0019,0.0008,,0.0004,0.0002,0.0205,,,,0.2072,,,0.001
14,6/8/2013,,0.0009,0.0803,0.0004,0.0099,0.0015,,,,0.0001,0.0008,,0.1282,0.4839,0.0018,0.0006,,0.0008,0.0002,,,,,,0.0015,,,0.0043,0.0001,,0.0024,,,0.0003,0.001,,0.001,0.0002,0.0424,,,,0.2374,,,0.0002
15,6/15/2013,,0.0008,0.0828,0.0012,0.0074,0.0014,,,,0.0002,0.0008,,0.0878,0.5177,0.0037,0.0006,,0.0017,0.0002,,,,,,0.0011,,,0.0027,0.0005,,0.0024,,,0.0004,0.0011,,0.0099,0.0001,0.0488,,,,0.2256,,,0.001
16,6/22/2013,,0.0042,0.0843,0.002,0.0101,0.0012,,,,0.0019,0.0008,,0.1149,0.4591,0.0048,0.0006,,0.0002,0.0002,,,,,,0.0004,0.0002,,0.0038,0.0008,,0.0045,,0.0001,0.0005,0.0013,,0.0011,0.0001,0.0224,,,,0.2762,,,0.0043
17,6/29/2013,0.0002,0.0047,0.0903,0.0019,0.0046,0.0007,,,,0.0009,0.0005,,0.0926,0.4849,0.001,0.0003,,0.0002,0.0001,,,,,,0,0.0002,,0.0037,0.0007,,0.0002,,0.0003,0.0009,0.001,,0.006,0,0.0076,,,,0.2884,,,0.008
18,7/6/2013,0.0003,0.0014,0.0953,0.0037,0.0063,0.0013,,,0.0075,0.0026,0.0005,,0.1156,0.4519,0.0039,0.0004,,0.0003,0,,,,,,0.0002,0.0002,,0.0068,0.0004,,0.001,,0.0006,0.0026,0.0072,,0.0016,0.0001,0.004,,,,0.2821,,,0.0023
19,7/13/2013,0.0003,0.0019,0.0723,0.0014,0.0082,0.0011,,,0.0056,0.0004,0.0005,,0.0825,0.3874,0.0035,0.0003,,0.0007,0,,,,,,0.0006,0.0002,,0.0041,0.0016,,0.0015,,0.0008,0.0019,0.0118,,0.0007,0.0001,0.0178,,,,0.3883,,,0.0044
20,7/20/2013,0.0003,0.0012,0.0936,0.0003,0.0057,0.0009,,,0.0042,0.0031,0.0005,,0.0771,0.315,0.001,0.0003,,0,0,,,,,,0.0003,0.0002,,0.0031,0.0034,,0.002,,0.0001,0.0002,0.0041,,0.0016,0.0001,0.0055,,,,0.4729,,,0.0033
21,7/27/2013,0.0003,0.0017,0.1067,0.0018,0.0045,0.0008,,,0.0032,0.0033,0.0004,,0.061,0.2978,0.0008,0.0002,,0,0,,,,,,0.0004,0.0003,,0.0055,0.0023,,0.001,,0.0008,0.0006,0.0079,,0.001,0.0001,0.029,,,,0.4666,,,0.0022
22,8/3/2013,0.0003,0.0019,0.0699,0.0047,0.0133,0.0008,,,0.0027,0.0004,0.0004,,0.0514,0.2993,0.0003,0.0001,,0.0003,0,,0,,,,0.0002,0.0003,,0.0053,0.0028,,0.0006,,0.0012,0.0009,0.0004,,0.0135,0,0.0125,,,,0.5137,,,0.0025
23,8/10/2013,0.0003,0.0007,0.0687,0.0049,0.011,0.0019,,,0.0021,0.0037,0,,0.0712,0.3282,0,0.0001,0.0002,0.0003,0,,0,,,,0.0013,0.0003,,0.0041,0.0036,,0.0003,,0.0002,0,0.0003,,0.0017,0.0002,0.0083,,,,0.4836,,,0.0027
24,8/17/2013,0.0003,0.0017,0.075,0.0014,0.0115,0.0003,0.0016,0.0002,0.0014,0.0024,0.0002,,0.0737,0.3123,0.0012,0.0001,0.0002,0.0041,0,,0.0024,,,,0.0005,0.0003,,0.0044,0.0032,,0.0003,,0.0002,0.0013,0.0002,,0.0071,0.0002,0.0023,,,0.0001,0.4876,,,0.0025
25,8/24/2013,0.0004,0.0019,0.0955,0.0003,0.0153,0.0002,0.001,0.0001,0.0013,0.0043,0.0005,,0.0851,0.2897,0.0026,0.0003,0.0002,0.0002,0,,0.0049,,,,0.0008,0.0006,,0.0043,0.003,,0.0004,,0.0011,0.0001,0.0002,,0.0012,0.0001,0.0223,0.0001,,0.0001,0.4573,,,0.0045
26,8/31/2013,0.0003,0.0017,0.1219,0.0009,0.0133,0.0024,0.0005,0.0001,0.0035,0.0016,0.0007,,0.0787,0.2861,0.0037,0.0002,0.0006,0.0006,0.0001,,0.0071,,,,0.0003,0.0003,,0.0026,0.0029,,0.0016,,0.0019,0.0003,0.0002,,0.0043,0,0.0176,0.0001,,0.0001,0.4397,,,0.004
27,9/7/2013,0.0002,0.0022,0.1108,0.0019,0.0078,0.0016,0,0.0001,0.0025,0.0043,0.0009,,0.0696,0.2572,0.0036,0,0.0002,0.0002,0.0001,,0.0086,,,,0.0008,0.0001,0,0.0057,0.0051,,0.0012,,0.0006,0.0018,0.0002,,0.0047,0,0.0064,0.0001,,0,0.4952,,,0.0062
28,9/14/2013,0.0001,0.0014,0.0886,0.004,0.0136,0.0023,0.0001,0.0001,0.0016,0.0011,0,,0.0722,0.2772,0.0013,0,0.0003,0.0003,0.0001,,0.0098,,,,0.001,0.0001,0.0001,0.005,0.0025,,0.0022,,0.0001,0.0008,0.0002,,0.0031,0,0.0022,0,,0,0.5044,,,0.0043
29,9/21/2013,0.0002,0.0008,0.0932,0.0042,0.0234,0.0009,0.0002,0,0.0007,0.0034,0.0003,,0.0834,0.2302,0.0059,0,0.0001,0.0004,0.0001,,0.0065,,,,0.0021,0,0,0.0044,0.0063,,0.0005,,0.0001,0.001,0.0002,,0.0086,0.0009,0.0066,0,,0,0.5112,,,0.0039
30,9/28/2013,0.0003,0.0016,0.0636,0.006,0.019,0.0032,0.0001,0,0,0.0016,0.0002,,0.1303,0.2593,0.0029,0,0.0003,0.0002,0.0001,,0.0043,,,,0.0046,0.0001,0,0.0026,0.0029,,0.0011,,0.0007,0.0018,0.0017,,0.0061,0.0008,0.0128,0.0001,,0,0.4668,,,0.0048
31,10/5/2013,0.0003,0.003,0.0774,0.0066,0.038,0.0056,0,0.0003,0,0.0015,0.0003,,0.1411,0.2053,0.0089,0.0002,0.0007,0.0019,0.0001,,0.0027,,,,0.0032,0.0005,0,0.0041,0.0042,,0.0009,,0.0008,0.0022,0.0006,,0.0047,0.0029,0.0242,0.0001,,0,0.4503,0,,0.0073
32,10/12/2013,0.0002,0.0017,0.0848,0.0006,0.0262,0.0055,0,0.0005,0,0.0011,0.0005,,0.1411,0.2629,0.0003,0.0003,0.0006,0.0006,0.0001,,0,,,,0.0054,0.0011,0,0.0046,0.0042,,0.0008,,0.0008,0.0014,0.0006,,0.0017,0.0017,0.0146,0,,0,0.4265,0,,0.0097
33,10/19/2013,0.0001,0.0039,0.09,0.0025,0.0178,0.0043,0,0.0009,0.0008,0.0023,0.0007,,0.1131,0.2785,0.0025,0.0001,0.001,0.0006,0.0001,,0.0001,,,,0.0041,0.0002,0,0.0049,0.005,,0.0019,,0.0006,0.0016,0.0013,,0.003,0.0077,0.0225,0,,0,0.4228,0,,0.0051
34,10/26/2013,0.0001,0.0018,0.0633,0.0018,0.0145,0.0047,0.0002,0.0004,0.0001,0.0009,0.001,,0.0993,0.2806,0.0004,0.0002,0.0006,0.0006,0.0001,,0.0022,,,,0.0054,0.0012,0,0.0082,0.0042,,0.0005,,0.0007,0.0024,0.0005,,0.003,0.0126,0.0172,0,,0,0.4674,0.0001,,0.0037
35,11/2/2013,0.0001,0.0038,0.0579,0.0016,0.0219,0.0063,0.0009,0.0084,0.0005,0.0022,0.0004,,0.1173,0.3552,0.0032,0.0001,0.0015,0.0019,0.0001,,0.0004,,,,0.0057,0.0008,0,0.0059,0.0037,,0.0025,,0.0006,0.0043,0.001,,0.002,0.0035,0.006,0,,0,0.3766,0.0001,,0.0034
36,11/9/2013,0.0006,0.0037,0.0678,0.0012,0.0301,0.0038,0.001,0.0006,0.0002,0.0029,0.0005,,0.1669,0.3448,0.0072,0.0004,0.0004,0.0015,0.0002,,0,,,,0.0053,0.0012,0,0.005,0.0041,,0.0021,,0.0025,0.0033,0.0002,,0.0025,0.0039,0.01,0,,0,0.3247,0,,0.0014
37,11/16/2013,0.0011,0.0055,0.0676,0.0006,0.0313,0.0094,0.0011,0.0013,0.0008,0.0036,0.0001,,0.1197,0.3775,0.013,0.0002,0.0011,0.0024,0.0003,,0.0013,0,,,0.0026,0.0016,0,0.0097,0.0043,,0.0052,,0.001,0.0031,0.0001,,0.0031,0.0033,0.0119,0,,0,0.311,0,,0.0051
38,11/23/2013,0.0015,0.0041,0.0585,0.0033,0.0312,0.0107,0.0021,0.004,0.0005,0.0031,0.0002,,0.1283,0.4402,0.0123,0,0.0011,0.0028,0.0001,,0.0009,0,,0,0.0032,0.0021,0,0.0059,0.0101,,0.004,,0.0022,0.0019,0.0007,,0.0029,0.0042,0.0094,0,,0,0.2442,0.0001,,0.0041
39,11/30/2013,0.0019,0.0042,0.0667,0.001,0.0257,0.0112,0.0025,0.0061,0.0019,0.0039,0.0002,,0.1265,0.428,0.0097,0.0003,0.0009,0.0028,0.0001,,0.0006,0,,0,0.0032,0.001,0.0001,0.0081,0.0075,,0.003,,0.0018,0.0018,0.0014,,0.0027,0,0.0127,0.0002,,0,0.258,0,,0.0041
40,12/7/2013,0.0028,0.0067,0.0533,0.0013,0.0326,0.0063,0.0025,0.0001,0.0007,0.0044,0.0001,,0.1044,0.3987,0.0126,0.001,0.0009,0.0055,0.0001,,0.001,0,,0,0.0031,0.0022,0.0001,0.0054,0.0079,,0.0052,,0.0009,0.002,0.0031,,0.0034,0.0018,0.0229,0.0004,,0,0.3025,0.0001,,0.0043
41,12/14/2013,0.0003,0.0054,0.0561,0.0026,0.0269,0.0066,0.0017,0.0014,0.0004,0.0049,0.0004,,0.0978,0.3959,0.0112,0.0003,0.0022,0.0015,0,,0.0009,0,,0,0.0051,0.0011,0,0.0047,0.0064,,0.0058,,0.0006,0.002,0.0007,,0.0031,0.004,0.0133,0.0002,,0,0.3317,0.0001,,0.0048
42,12/21/2013,0.0017,0.0026,0.0548,0.0021,0.0245,0.0017,0.002,0.0007,0.0003,0.0012,0.0006,,0.0879,0.2967,0.0085,0.0004,0.0003,0.0021,0,,0.0009,0,,0.0001,0.0106,0.0046,0,0.0046,0.0148,,0.0034,,0.0016,0.0024,0.0056,,0.0053,0.0023,0.0164,0.0001,,0,0.4346,0.0002,,0.0045
43,12/28/2013,0.0015,0.0044,0.0385,0.0009,0.0209,0.0049,0.0013,0.0016,0.0016,0.0026,0.0003,,0.1228,0.3161,0.003,0,0.0011,0.0064,0,,0.0015,0,,0,0.0117,0.0046,0,0.0047,0.0082,,0.0037,,0.0023,0.0008,0.0036,,0.017,0.0019,0.0134,0.0001,,0,0.3936,0.0002,,0.0046
44,1/4/2014,0.0013,0.004,0.0419,0.0018,0.0221,0.0088,0.0015,0.0052,0.0023,0.003,0.0004,,0.096,0.3493,0.0073,0.0001,0.0007,0.0055,0.0001,0,0.0031,0,,0,0.0162,0.0038,0.0001,0.0061,0.0063,,0.0063,,0.0007,0.0054,0.0008,0.0001,0.0069,0.0026,0.0113,0.0001,,0,0.3702,0.0002,,0.0086
45,1/11/2014,0.0062,0.0026,0.07,0.0036,0.0245,0.0078,0.0015,0.0008,0.0051,0.0032,0,,0.075,0.278,0.0062,0.0002,0.0012,0.0037,0.0001,0.0001,0.0024,0,,0,0.0214,0.0042,0.0001,0.0053,0.0098,,0.0027,,0.0009,0.0038,0.007,0.0004,0.004,0.0027,0.0138,0.0001,,0,0.4257,0.0003,,0.0059
46,1/18/2014,0.0017,0.0021,0.0711,0.002,0.0323,0.0065,0.0032,0.0001,0.0029,0.0042,0.0002,,0.0746,0.2911,0.0059,0.0002,0.0002,0.0082,0.0001,0.0002,0.0004,0.0001,,0,0.005,0.0058,0.0001,0.0031,0.0125,,0.0035,,0.0024,0.0014,0.0018,0,0.0065,0.0065,0.0141,0.0001,,0,0.4187,0.0003,,0.0107
47,1/25/2014,0.002,0.0048,0.0559,0.0035,0.0249,0.0139,0.0011,0.001,0.0027,0.0044,0.0008,,0.0952,0.3086,0.0072,0.0006,0.0004,0.0054,0,0.0004,0.001,0.0001,,0,0.0091,0.003,0.0001,0.0031,0.007,,0.006,,0.0017,0.0018,0.0105,0,0.0057,0.0036,0.0139,0.0002,,0,0.3902,0.0004,,0.0098
48,2/1/2014,0.0011,0.0041,0.0719,0.0037,0.0249,0.0103,0.0008,0.0008,0.0026,0.0053,0.0003,0.0001,0.1059,0.2805,0.0108,0.0003,0.0012,0.0046,0.0001,0.0004,0.0018,0,,0,0.0088,0.0034,0.0001,0.0039,0.0076,,0.0023,,0.0005,0.0027,0.0082,0.0001,0.0041,0.0016,0.0267,0.0002,,0,0.3839,0.0013,,0.0132
49,2/8/2014,0.0016,0.003,0.0531,0.0028,0.0266,0.01,0.0012,0.0003,0.0021,0.0023,0.0003,0,0.1105,0.3598,0.0127,0.0005,0.0009,0.0046,0.0003,0.0006,0.0004,0,,0,0.013,0.0039,0.0001,0.0012,0.0116,,0.0049,,0.0004,0.0013,0.0075,0.0009,0.0033,0.0041,0.0185,0,,0,0.3238,0.0019,0.0001,0.0101
50,2/15/2014,0.0022,0.004,0.0553,0.0058,0.0214,0.0074,0.001,0.0008,0.0012,0.0018,0.0003,0.0001,0.1145,0.3213,0.0113,0.0003,0.0005,0.0044,0.0001,0.0003,0.0002,0,,0,0.0071,0.0057,0.0001,0.0023,0.0151,0,0.0023,,0.0004,0.0004,0.0127,0.0009,0.0046,0.0019,0.0189,0,,0,0.3687,0,0.0001,0.0045
51,2/22/2014,0.0014,0.0033,0.0656,0.0118,0.0184,0.009,0.0042,0.0019,0.0027,0.0025,0.0001,0.0001,0.0952,0.3202,0.0129,0.0007,0.0002,0.0028,0.0001,0.0004,0,0,,0,0.0061,0.0049,0,0.003,0.008,0,0.0011,0,0.002,0.0013,0.0138,0.0007,0.0055,0.0039,0.0152,0,,0,0.3752,0.0004,0.0001,0.0051
52,3/1/2014,0.0011,0.0039,0.0621,0.0023,0.0215,0.0094,0.0005,0.0005,0.0017,0.0017,0.0006,0.0001,0.1106,0.3046,0.0026,0.0002,0.0001,0.0057,0.0001,0.0005,0.0004,0,,0,0.0048,0.0038,0,0.0028,0.007,0.0001,0.0034,0,0.0007,0.0017,0.017,0.0008,0.0023,0.0032,0.0205,0,,0.0001,0.3939,0.0007,0.0001,0.0069
53,3/8/2014,0.0003,0.0022,0.0725,0.0099,0.024,0.0053,0.0003,0.0003,0.0022,0.0023,0.0001,0.0001,0.1106,0.2468,0.0039,0.0004,0.0002,0.0038,0.0001,0.0006,0.0002,0,,0,0.003,0.0034,0,0.0017,0.0054,0.0001,0.0017,0,0.0012,0.0005,0.0232,0.0006,0.0052,0.0011,0.014,0.0001,,0.0001,0.4466,0.0002,0.0001,0.0059
54,3/15/2014,0.0014,0.0024,0.0705,0.0031,0.0234,0.0033,0.0004,0.0008,0.0008,0.0031,0.0011,0.0001,0.0981,0.2501,0.0061,0.0003,0.0004,0.0029,0.0001,0.0006,0.0006,0,,0,0.0053,0.004,0.0001,0.0041,0.0088,0.0002,0.0024,0,0.0017,0.0013,0.0237,0.0003,0.0068,0.0033,0.015,0.0001,,0.0001,0.4467,0,0.0001,0.0065
55,3/22/2014,0.0013,0.0047,0.0697,0.0017,0.0218,0.0085,0.0008,0.0016,0.0012,0.0023,0.0016,0.0001,0.0782,0.2546,0.0064,0.001,0.0004,0.0035,0.0001,0.0005,0.0006,0,,0,0.0043,0.0052,0.0001,0.0027,0.009,0.0001,0.0013,0,0.0015,0.001,0.0148,0,0.0071,0.0015,0.0159,0.0002,,0.0001,0.465,0,0.0001,0.0095
56,3/29/2014,0.0003,0.0032,0.051,0.0017,0.0204,0.0099,0.0006,0.0008,0.0003,0.0032,0.0008,0.0001,0.0772,0.2797,0.0086,0.0002,0,0.002,0.0001,0.0004,0.0005,0,,0,0.0056,0.005,0,0.0044,0.0072,0,0.0009,0,0.002,0.0014,0.0058,0.0001,0.0057,0.0009,0.0301,0.0001,,0.0001,0.4652,0.0001,0,0.0041
57,4/5/2014,0.0004,0.003,0.0861,0.0009,0.0179,0.0058,0.0012,0.0007,0.0011,0.0015,0.0006,0.0001,0.0934,0.2168,0.005,0.0002,0.0003,0.0026,0.0001,0.0003,0.0001,0.0001,,0.0001,0.005,0.0037,0,0.0027,0.0081,0,0.0041,0,0.001,0.0011,0.0092,0.0003,0.0075,0.001,0.018,0.0001,,0,0.4949,0.0003,0,0.0048
58,4/12/2014,0.0004,0.0029,0.0684,0.001,0.0153,0.0033,0.0008,0.0008,0.0003,0.0022,0.0002,0.0001,0.0882,0.2671,0.0032,0.0002,0.0005,0.0031,0.0001,0.0003,0.0003,0,,0.0001,0.0058,0.0012,0,0.0026,0.0068,0,0.0007,0,0.0008,0.001,0.0109,0.0001,0.0065,0.0011,0.0226,0.0002,,0,0.4762,0.0005,0,0.0042
59,4/19/2014,0.0002,0.0053,0.0591,0.0009,0.016,0.0021,0.0003,0.0007,0.0015,0.0013,0.0001,0.0001,0.0823,0.2281,0.0008,0.0001,0.0005,0.0049,0.0001,0.0003,0.0001,0,,0.0001,0.0079,0.0017,0,0.006,0.0045,0,0.0032,0,0.001,0.0008,0.0116,0.0004,0.0063,0.0011,0.0208,0.0001,,0,0.519,0.0025,0,0.008
60,4/26/2014,0.0001,0.0027,0.0755,0.0009,0.0192,0.0045,0.0008,0.0046,0.0002,0.0014,0.0002,0.0001,0.0702,0.2455,0.0027,0.0008,0.0001,0.0052,0,0.0003,0.0002,0,,0.0001,0.0095,0.0008,0,0.0041,0.0053,0,0.0034,0,0.0012,0.001,0.0072,0.0001,0.0049,0.0003,0.0302,0,,0,0.4886,0.0023,0,0.0053
61,5/3/2014,0.0004,0.0029,0.0734,0.0027,0.0173,0.0065,0.0003,0.0042,0.0003,0.0013,0.0003,0,0.084,0.2524,0.0025,0.0002,0.0001,0.0054,0,0.0003,0,0,,0.0001,0.0052,0.0027,0,0.0024,0.0076,0,0.0019,0,0.0004,0.0009,0.0071,0.0002,0.0059,0.0006,0.016,0,,0,0.4905,0.0003,0,0.0033
62,5/10/2014,0.0013,0.0038,0.0889,0.0009,0.0181,0.0059,0.0002,0.0049,0.0009,0.0021,0.0011,0,0.1046,0.226,0.0023,0.0003,0.0002,0.0042,0,0.0002,0,0,,0.0001,0.0061,0.0025,0,0.0029,0.0082,0.0001,0.0113,0,0.0014,0.0009,0.011,0.0002,0.0059,0.0005,0.0178,0,,0,0.4575,0.0003,0,0.0071
63,5/17/2014,0.0011,0.006,0.0765,0.0015,0.0157,0.0045,0.0005,0.0011,0.0019,0.0038,0.0009,0,0.0837,0.2381,0.0021,0.0002,0.0001,0.0056,0,0.0003,0.0001,0,,0.0001,0.007,0.0021,0.0001,0.0031,0.0074,0.0002,0.0072,0,0.0019,0.0006,0.0088,0.0004,0.0056,0.0011,0.0218,0,,0,0.4769,0,0,0.0116
64,5/24/2014,0.0012,0.0022,0.0834,0.0023,0.024,0.0059,0.0003,0.0009,0.0007,0.0029,0.0016,0,0.0868,0.2808,0.0014,0.0002,0.0002,0.0052,0.0001,0.0004,0.0002,0,,0.0001,0.0116,0.0026,0.0001,0.0024,0.0086,0.0002,0.0033,0.0003,0.0022,0.0015,0.0101,0.0006,0.0084,0.0005,0.0154,0,,0,0.4151,0.0001,0,0.016
65,5/31/2014,0.0012,0.0038,0.0869,0.002,0.0194,0.0069,0.0002,0.0012,0.0001,0.0013,0.0005,0,0.0836,0.2705,0.0024,0.0008,0.0001,0.0028,0,0.0005,0.0003,0,,0.0001,0.0063,0.0033,0.0002,0.0033,0.0072,0.0001,0.0022,0.0003,0.0013,0.0007,0.0123,0.0003,0.0074,0.0024,0.0091,0,,0,0.4428,0.0001,0,0.0163
66,6/7/2014,0.0019,0.0026,0.0573,0.0013,0.017,0.0029,0.0006,0.0024,0.0008,0.0013,0.0001,0,0.0765,0.27,0.0012,0.0005,0.0003,0.0039,0,0.0005,0.0005,0,,0.0001,0.0049,0.0036,0,0.0026,0.0043,0.0001,0.0048,0.0002,0.0021,0.0009,0.0105,0,0.0078,0.0009,0.0187,0,,0,0.4847,0,0,0.0123
67,6/14/2014,0,0.0015,0.0651,0.0023,0.0231,0.0033,0.0003,0.0024,0.0006,0.0012,0.0004,0,0.0703,0.2876,0.0037,0.0002,0.0006,0.004,0,0.0004,0.0009,0,,0.0001,0.0054,0.0031,0.0001,0.0038,0.0076,0,0.0032,0.0002,0.0037,0.0005,0.0088,0.0001,0.0076,0.0009,0.0196,0,,0,0.4649,0,0,0.0023
68,6/21/2014,0.0001,0.0039,0.0646,0.0015,0.0159,0.0058,0.0004,0.0008,0.0025,0.0007,0.0002,0,0.0803,0.285,0.0011,0.0004,0.0001,0.0038,0,0.0002,0.0005,0.0001,,0.0001,0.0036,0.003,0.0002,0.005,0.0062,0.0001,0.0021,0.0001,0.0026,0.0004,0.014,0.0001,0.0093,0.0006,0.0203,0,,0,0.4585,0,0,0.0056
69,6/28/2014,0.0013,0.0045,0.0639,0.0006,0.0167,0.0078,0.0009,0.0007,0.0009,0.0006,0.0005,0,0.0947,0.2421,0.0023,0.0003,0.0002,0.0033,0,0.0001,0.0004,0,,0.0001,0.0055,0.001,0.0002,0.0034,0.005,0.0001,0.0053,0.0001,0.0049,0.0015,0.0249,0.0001,0.0086,0.0006,0.0134,0,,0,0.4787,0.0003,0.0001,0.0046
70,7/5/2014,0.0002,0.0028,0.0626,0.0009,0.015,0.0057,0.0008,0.0005,0.0004,0.0009,0.0001,0,0.1,0.2554,0.0017,0.0002,0,0.0052,0,0,0.0001,0.0001,,0,0.0035,0.0018,0,0.0026,0.0041,0.0002,0.0045,0,0.005,0.0008,0.0142,0.0001,0.0076,0.0004,0.019,0,,0,0.4809,0.0001,0.0001,0.0024
71,7/12/2014,0.0007,0.0038,0.0746,0.0004,0.018,0.0033,0.0004,0.0009,0.0009,0.0013,0.0002,0,0.0807,0.2072,0.0009,0.0005,0.0001,0.0078,0,0,0.0003,0,,0.0001,0.0042,0.0031,0,0.0042,0.0065,0.0002,0.0014,0,0.0029,0.0016,0.0162,0.0005,0.008,0.0006,0.0241,0,,0,0.5194,0,0.0001,0.0048
72,7/19/2014,0.0013,0.0049,0.0821,0.001,0.016,0.0053,0.0003,0.0011,0.0013,0.0011,0.0001,0,0.0705,0.2123,0.0005,0.0002,0.0004,0.0038,0,0,0.0014,0.0001,,0,0.0055,0.003,0,0.0043,0.0058,0.0006,0.0051,0,0.0021,0.0031,0.0173,0.0006,0.0077,0.0009,0.0212,0,,0.0001,0.512,0.0004,0.0001,0.0063
73,7/26/2014,0.0017,0.0033,0.0548,0.001,0.0223,0.0051,0.0005,0.0022,0.0018,0.001,0.0003,0,0.0735,0.2421,0.001,0.0004,0.0001,0.004,0,0,0.0037,0,,0,0.0052,0.0021,0,0.0041,0.0061,0.0002,0.0041,0,0.0035,0.0008,0.0157,0.0007,0.0097,0.0003,0.0165,0,,0.0001,0.507,0.0001,0.0001,0.0049
74,8/2/2014,0.0022,0.0024,0.0715,0.0011,0.0149,0.0029,0.0001,0.0033,0.0018,0.0008,0.0003,0,0.0874,0.2283,0.0062,0.0004,0.0001,0.0045,0,0.0009,0.002,0.0001,,0,0.0048,0.002,0.0001,0.0024,0.0051,0.0006,0.0019,0,0.002,0.002,0.0238,0.0007,0.0072,0.0012,0.0164,0,,0.0001,0.4911,0.0002,0.0001,0.0068
75,8/9/2014,0.002,0.0037,0.0671,0.0029,0.0153,0.0037,0.0001,0.0013,0.0009,0.0009,0.0002,0,0.0674,0.2553,0.0026,0.0002,0.0002,0.0034,0,0.0002,0.008,0.0001,,0,0.0048,0.0019,0,0.0045,0.0058,0.0003,0.0037,0,0.0016,0.0013,0.0254,0.0007,0.0102,0.0002,0.0238,0,,0.0001,0.472,0.0002,0,0.0077
76,8/16/2014,0.0011,0.0071,0.0899,0.0025,0.0149,0.0033,0.0004,0.0034,0.0016,0.001,0,0,0.0759,0.2268,0.004,0.0007,0.0005,0.0035,0,0.0005,0,0.0002,,0,0.0084,0.0015,0,0.0051,0.0055,0.0002,0.0032,0,0.0031,0.0014,0.0193,0.0005,0.0101,0.0007,0.0236,0,,0.0001,0.4714,0.0003,0,0.0081
77,8/23/2014,0.0019,0.0026,0.1042,0.0019,0.0211,0.004,0.0002,0.0024,0.0017,0.0006,0.0009,0,0.0862,0.2189,0.0045,0.0005,0.0001,0.0038,0,0.0009,0.0001,0.0003,,0,0.0073,0.0016,0,0.0031,0.0044,0.0001,0.0064,0,0.0024,0.0013,0.0191,0.0002,0.0119,0.0006,0.0196,0,,0.0001,0.4582,0,0,0.0066
78,8/30/2014,0.0009,0.0036,0.0758,0.0022,0.0147,0.0037,0.0002,0.0023,0.001,0.001,0.0014,0,0.0633,0.1993,0.0039,0.0003,0.0004,0.0026,0,0.0015,0.0018,0.0003,,0,0.0078,0.0014,0,0.0033,0.0067,0.0005,0.002,0,0.0017,0.001,0.0172,0.0001,0.0088,0.0022,0.0186,0,,0.0001,0.5397,0,0,0.0084
79,9/6/2014,0.0012,0.0016,0.0616,0.0013,0.0153,0.0044,0.0001,0.0073,0.0008,0.0005,0.0001,0,0.067,0.2165,0.0029,0.0008,0.0004,0.0032,0,0.0001,0.0002,0.0001,,0,0.0087,0.0014,0,0.0023,0.0046,0.0003,0.0008,0,0.0016,0.0009,0.0156,0,0.0082,0.0006,0.0114,0,,0.0001,0.5521,0.0003,0,0.0053
80,9/13/2014,0.0013,0.0051,0.0664,0.001,0.0218,0.0027,0.0002,0.0078,0.001,0.0004,0.0001,0,0.0638,0.2568,0.0027,0.0004,0.0001,0.0033,0,0.0003,0.0007,0.0001,,0,0.0063,0.0011,0,0.0024,0.0055,0.0001,0.0014,0,0.0025,0.0007,0.0187,0,0.0088,0.0006,0.0247,0,,0,0.4862,0.0001,0,0.0044
81,9/20/2014,0.0013,0.0032,0.0817,0.001,0.0161,0.0031,0.0004,0.0046,0.0004,0.0005,0,0,0.0728,0.2143,0.0038,0.0008,0.0002,0.009,0,0.0005,0,0,,0,0.0066,0.002,0.0001,0.0043,0.0032,0.0001,0.0003,0,0.0019,0.001,0.018,0,0.0123,0.0001,0.0184,0.0001,,0,0.5142,0,0,0.0036
82,9/27/2014,0.0008,0.0056,0.0793,0.0015,0.0174,0.006,0.0004,0.0043,0.0013,0.0005,0.0001,0.0001,0.0721,0.2194,0.0072,0.0004,0.0005,0.0052,0,0.0007,0.0003,0,,0,0.0067,0.0025,0.0001,0.0026,0.0042,0.0001,0.0005,0,0.002,0.0012,0.0217,0.0003,0.0112,0.0002,0.0178,0.0001,,0,0.5002,0.0001,0,0.0055
83,10/4/2014,0.0023,0.0039,0.0624,0.0013,0.0266,0.003,0.0009,0.005,0.0014,0.0006,0.0002,0,0.0943,0.2082,0.0073,0.0007,0.0002,0.0033,0,0.0012,0.0012,0,,0,0.0072,0.0021,0.0001,0.0042,0.0054,0.0003,0.0008,0,0.0034,0.0007,0.018,0.0003,0.0104,0.0001,0.0112,0.0001,,0,0.5091,0.0001,0,0.0026
84,10/11/2014,0.0013,0.004,0.0939,0.0012,0.0228,0.0028,0.0008,0.0052,0.001,0.0011,0.0002,0,0.071,0.1969,0.0045,0.0014,0.0005,0.0041,0,0.0006,0,0,,0,0.0086,0.0022,0.0001,0.0035,0.0043,0.0003,0.0017,0,0.0039,0.0011,0.0194,0.0002,0.0112,0.0005,0.0209,0,,0,0.5045,0.0001,0,0.0039
85,10/18/2014,0.0009,0.0028,0.0604,0.0016,0.0163,0.0042,0.001,0.003,0.0017,0.001,0.0002,0,0.0612,0.224,0.0053,0.0009,0.0001,0.0041,0,0.0002,0.0001,0.0001,,0,0.0042,0.0016,0.0001,0.0029,0.0049,0.0002,0.0025,0,0.0022,0.0015,0.023,0.0002,0.0136,0.0007,0.0108,0,,0,0.537,0.0001,0,0.0054
86,10/25/2014,0.0024,0.0037,0.0627,0.0008,0.017,0.0052,0.0013,0.003,0.0029,0.0001,0.0001,0.0001,0.0671,0.1809,0.0083,0.0004,0.0002,0.0058,0,0.0002,0.0001,0,,0,0.0049,0.0026,0.0001,0.0051,0.0068,0.0003,0.0012,0,0.0028,0.0025,0.0237,0.0001,0.0114,0.0006,0.0178,0,,0.0001,0.5528,0.0001,0,0.0049
87,11/1/2014,0.0013,0.0026,0.071,0.0009,0.0167,0.0087,0.0018,0.0032,0.0007,0.0013,0,0.0001,0.0692,0.191,0.0047,0.0003,0.0004,0.0048,0.0001,0.0005,0.0003,0.0001,,0,0.004,0.0027,0.0001,0.005,0.0053,0.0003,0.0015,0,0.0045,0.0051,0.0216,0.0001,0.0077,0.0007,0.0197,0,,0.0001,0.5378,0.0001,0,0.0039
88,11/8/2014,0.0009,0.0047,0.0738,0.0026,0.0126,0.0047,0.0004,0.0048,0.0008,0.0004,0,0.0001,0.0731,0.1973,0.0018,0.0006,0.0002,0.0059,0.0001,0.001,0.0001,0.0001,,0,0.0052,0.0027,0.0001,0.0034,0.0054,0.0009,0.0028,0,0.0042,0.0021,0.0223,0.0001,0.0056,0.0011,0.0225,0,,0.0002,0.5312,0.0002,0,0.004
89,11/15/2014,0.0002,0.0065,0.0673,0.0011,0.0149,0.0032,0.0005,0.0021,0.0005,0.0004,0,0.0001,0.0758,0.1777,0.0025,0.0003,0.0006,0.007,0.0001,0.0014,0.0003,0.0001,,0,0.0045,0.002,0.0007,0.0037,0.0046,0.0004,0.0024,0,0.002,0.0027,0.0252,0.0001,0.0074,0.0027,0.0139,0,,0.0001,0.5636,0.0001,0,0.0016
90,11/22/2014,0.0004,0.0015,0.0779,0.0006,0.0188,0.0058,0.0003,0.002,0.001,0.0002,0,0.0001,0.0808,0.1874,0.0033,0.0002,0.0004,0.0052,0.0001,0.0014,0.0003,0,0.0002,0,0.0053,0.0089,0.0001,0.0036,0.0044,0.0003,0.004,0,0.002,0.0022,0.0346,0.0001,0.0101,0.0009,0.0082,0,,0,0.52,0.0001,0,0.0071
91,11/29/2014,0.0004,0.0044,0.0724,0.0007,0.0167,0.0029,0.0004,0.0016,0.0014,0.0003,0,0,0.0866,0.184,0.0031,0.0002,0.0004,0.0083,0.0001,0.0011,0.0002,0,0.0001,0,0.0037,0.003,0.0001,0.0026,0.004,0.0003,0.0015,0,0.0026,0.0012,0.0311,0.0001,0.0088,0.0005,0.0121,0,,0,0.5392,0.0002,0,0.0036
92,12/6/2014,0.0003,0.0027,0.0696,0.0026,0.0118,0.0032,0.0006,0.0028,0.0004,0.0007,0.0001,0,0.0838,0.1615,0.0043,0.0004,0.0003,0.0062,0.0001,0.0012,0.0002,0.0001,0.0001,0,0.0048,0.0031,0,0.0044,0.0048,0.0004,0.0011,0,0.0028,0.0018,0.0286,0.0003,0.0102,0.0007,0.0094,0,,0.0001,0.5679,0.0005,0,0.006
93,12/13/2014,0.0002,0.0027,0.0781,0.0011,0.016,0.0056,0.0008,0.0014,0.001,0.0007,0.0001,0,0.0808,0.1677,0.0037,0.0007,0.0003,0.0042,0,0.001,0.0002,0.0001,0.0001,0,0.0054,0.0039,0,0.005,0.0038,0.0008,0.0021,0,0.003,0.002,0.0213,0.0003,0.01,0.0007,0.0072,0.0001,,0.0001,0.5627,0.0007,0,0.0046
94,12/20/2014,0,0.0061,0.0888,0.0005,0.0124,0.0023,0.0001,0.003,0.0002,0.0008,0,0.0001,0.0578,0.1558,0.006,0.0003,0.0002,0.0067,0.0001,0,0.0002,0.0001,0,0,0.0039,0.0022,0.0001,0.0026,0.0017,0.0005,0.0008,0,0.002,0.002,0.0356,0.0004,0.0117,0.0021,0.0093,0.0001,,0,0.575,0.0025,0,0.0061
95,12/27/2014,0.0008,0.0026,0.0683,0.0013,0.0181,0.0018,0.0008,0.0032,0.0036,0.0004,0,0.0001,0.0578,0.1672,0.0021,0.0011,0.0005,0.0098,0.0001,0,0.0008,0.0001,0.0004,0,0.0046,0.005,0.0001,0.0036,0.0026,0.0006,0.0013,0,0.0036,0.0042,0.0249,0.0001,0.0087,0.0005,0.0086,0.0001,,0.0002,0.5839,0.0013,0,0.0052
96,1/3/2015,0.0004,0.0034,0.0703,0.0017,0.0138,0.0035,0.0006,0.0046,0.0021,0.0003,0,0,0.0646,0.1772,0.0032,0.0006,0.0007,0.0048,0,0,0.0012,0.0001,0.0004,0,0.0041,0.0028,0.0001,0.0026,0.0028,0.0005,0.0017,0,0.0043,0.0022,0.0208,0.0001,0.0095,0.0013,0.0098,0,,0.0002,0.5792,0.0009,0,0.0037
97,1/10/2015,0.0011,0.0043,0.062,0.001,0.0133,0.0073,0.0003,0.0015,0.0018,0.0013,0,0,0.0805,0.1892,0.004,0.0004,0.0006,0.0069,0,0,0.0017,0.0001,0.0004,0,0.0049,0.0019,0.0001,0.0025,0.004,0.0005,0.0011,0,0.0026,0.0019,0.0211,0.0001,0.011,0.0012,0.0178,0.0001,,0.0001,0.5423,0.0016,0,0.0075
98,1/17/2015,0.0025,0.0033,0.0712,0.0004,0.0169,0.0055,0.0002,0.0016,0.0017,0.0001,0,0,0.0818,0.1747,0.0048,0.0006,0.0004,0.0066,0,0,0.0005,0.0001,0.0005,0,0.0059,0.0023,0.0001,0.0026,0.003,0.0003,0.0014,0,0.002,0.003,0.0362,0.0001,0.0153,0.0012,0.0087,0.0001,,0.0001,0.5313,0.0026,0,0.0102
99,1/24/2015,0.0015,0.0025,0.0573,0.0009,0.0151,0.0071,0.0003,0.0044,0.001,0.0006,0,0,0.0734,0.1752,0.0036,0.0002,0.0004,0.0037,0,0.001,0.0002,0.0001,0.0007,0,0.005,0.0041,0.0001,0.0045,0.0024,0.0007,0.0021,0,0.0039,0.005,0.0298,0,0.0156,0.0005,0.0092,0,,0.0001,0.5525,0.0035,0,0.0118
100,1/31/2015,0.0013,0.003,0.0636,0.0012,0.0128,0.002,0.0006,0.0031,0.0013,0.0002,0,0,0.0798,0.1634,0.0032,0.0003,0.0004,0.0045,0,0,0.0001,0.0002,0.0006,0,0.0057,0.0043,0,0.0034,0.0021,0.0005,0.0019,0,0.0027,0.0048,0.0381,0.0001,0.0133,0.0006,0.008,0,,0,0.5591,0.0032,0,0.0104
101,2/7/2015,0.0007,0.0042,0.0854,0.0008,0.0159,0.0024,0.0002,0.0022,0.0018,0.0002,0,0,0.0746,0.1569,0.0036,0.0009,0.0004,0.0048,0,0.0005,0.0001,0.0001,0.0006,0,0.0043,0.0024,0.0003,0.002,0.0029,0.0004,0.0019,0,0.0029,0.0039,0.0301,0.0001,0.013,0.0004,0.0058,0,,0.0008,0.5658,0.0019,0,0.0048
102,2/14/2015,0.0005,0.0015,0.071,0.0005,0.0153,0.0039,0.0005,0.0011,0.0009,0.001,0,0,0.0698,0.1521,0.0028,0.0007,0.0003,0.0029,0,0.0005,0.0001,0.0001,0.0007,0,0.0059,0.0023,0.0003,0.0045,0.0023,0.0006,0.0025,0,0.0027,0.0096,0.0451,0.0001,0.0143,0.0011,0.01,0,0,0.0005,0.5656,0.0024,0,0.0038
103,2/21/2015,0.0003,0.0077,0.0638,0.0008,0.0177,0.0055,0.0003,0.0017,0.0005,0.0006,0,0,0.0677,0.1668,0.0032,0.0005,0.0002,0.0045,0,0.0001,0,0.0001,0.0007,0,0.0051,0.0031,0.0013,0.0032,0.0034,0.0002,0.0013,0,0.0017,0.0056,0.0345,0.0001,0.0154,0.0005,0.0101,0.0001,0,0.0004,0.5643,0.0039,0,0.003
104,2/28/2015,0.0008,0.0033,0.0683,0.0019,0.0185,0.0041,0.0003,0.0018,0.0008,0.0018,0.0001,0,0.0767,0.1637,0.0042,0.0006,0.0001,0.0066,0,0.0018,0.0001,0.0004,0.0007,0,0.0038,0.003,0.0006,0.0026,0.0028,0.0009,0.002,0,0.0025,0.0035,0.0362,0.0001,0.0161,0.003,0.0076,0,0,0,0.5517,0.0024,0,0.0047
105,3/7/2015,0.0006,0.0067,0.0619,0.0009,0.0167,0.0067,0.0003,0.0021,0.0006,0.0017,0.0001,0,0.0607,0.1565,0.003,0.001,0.0003,0.0085,0,0.0011,0.0001,0.0005,0.0007,0,0.0055,0.0056,0.0004,0.0028,0.0028,0.0005,0.0013,0,0.0029,0.0067,0.0381,0,0.0151,0.0021,0.0068,0,0,0.0003,0.5724,0.0032,0,0.0028
106,3/14/2015,0.0002,0.004,0.0643,0.0008,0.0149,0.0049,0,0.0276,0.0003,0.0009,0.0002,0.0001,0.0651,0.1321,0.0037,0.0003,0.0003,0.0045,0,0.0002,0.0001,0.0002,0.0007,0,0.0051,0.0033,0.0002,0.003,0.003,0.0004,0.0026,0,0.0038,0.0077,0.0359,0,0.0134,0.0004,0.0058,0,0,0.0004,0.5823,0.0023,0,0.0049
107,3/21/2015,0.0004,0.0016,0.0593,0.0023,0.0156,0.0017,0,0.0158,0.0015,0.0012,0.0001,0.0001,0.049,0.1329,0.0035,0.001,0.0005,0.0042,0,0.0003,0.0001,0.0006,0.0006,0,0.0043,0.0043,0.0002,0.002,0.0024,0.0005,0.003,0.0001,0.0021,0.0051,0.0313,0,0.0135,0.0007,0.0073,0.0001,0,0.0002,0.6248,0.0018,0,0.0038
108,3/28/2015,0.0004,0.0017,0.0507,0.0007,0.0159,0.0035,0.0001,0.0122,0.0008,0.0012,0.0001,0.0001,0.0416,0.139,0.0016,0.0014,0.0002,0.0053,0,0.0003,0.0001,0.0004,0.0005,0,0.0036,0.0048,0.0005,0.002,0.002,0.0003,0.0016,0.0001,0.0027,0.0065,0.0409,0.0002,0.0123,0.0016,0.0076,0.0001,0,0.0002,0.6312,0.001,0,0.0028
109,4/4/2015,0.0007,0.0027,0.0503,0.0035,0.0136,0.0023,0.0003,0.029,0.0006,0.0004,0.0003,0,0.0581,0.137,0.0017,0.001,0.0005,0.0044,0,0.0005,0.0002,0.0003,0.0004,0,0.0035,0.0046,0.0003,0.0028,0.0021,0.0004,0.0047,0.0001,0.0019,0.0052,0.0475,0.0001,0.0139,0.0009,0.0078,0.0001,0,0.0002,0.5884,0.0016,0,0.0054
110,4/11/2015,0.0006,0.0073,0.0619,0.0015,0.0186,0.0033,0.0005,0.009,0.0018,0.0007,0.0003,0,0.0508,0.1454,0.0034,0.0008,0.0003,0.0045,0,0.0003,0.0001,0.0003,0.0003,0,0.0056,0.0045,0.0001,0.0032,0.002,0.0003,0.0014,0,0.0027,0.0057,0.0518,0.0001,0.0134,0.0012,0.0099,0.0002,0,0.0001,0.5768,0.0011,0,0.0083
111,4/18/2015,0.0004,0.0038,0.0552,0.0032,0.0162,0.0027,0.0003,0.0101,0.0007,0.0003,0.0002,0,0.0551,0.1414,0.0037,0.0006,0.0001,0.0077,0,0.0008,0,0.0004,0.0001,0,0.0036,0.0039,0,0.0043,0.0023,0.0003,0.0019,0,0.0016,0.0143,0.0523,0,0.0156,0.0011,0.0115,0,0,0.0001,0.5653,0.0018,0,0.0173
112,4/25/2015,0.0003,0.0045,0.0614,0.0023,0.0134,0.0024,0.0002,0.0084,0.0023,0.0007,0.0002,0,0.0528,0.1515,0.0027,0.0004,0.0002,0.0051,0,0.0009,0,0.0006,0.0001,0,0.0036,0.0038,0,0.0031,0.0014,0.0003,0.0013,0,0.003,0.005,0.0508,0.0001,0.0171,0.0008,0.0109,0.0001,0,0.0001,0.566,0.0011,0,0.0209
113,5/2/2015,0.0002,0.0051,0.0614,0.0023,0.0154,0.0031,0.0005,0.0053,0.0011,0.0016,0.0002,0,0.063,0.1344,0.0035,0.0009,0.0005,0.0064,0,0.0001,0,0.0007,0.0001,0,0.0045,0.0034,0,0.0045,0.0031,0.0003,0.0007,0,0.0036,0.0064,0.046,0.0001,0.0172,0.0007,0.0103,0.0001,0,0,0.566,0.0019,0,0.0252
114,5/9/2015,0.0002,0.0068,0.0549,0.0019,0.017,0.004,0.0002,0.0064,0.0024,0.0004,0.0001,0,0.0669,0.1466,0.0043,0.0013,0.0003,0.0057,0,0.0003,0,0.0006,0.0001,0,0.0056,0.0035,0,0.0026,0.001,0.0002,0.0016,0.0001,0.002,0.0032,0.0657,0.0001,0.016,0.0014,0.0097,0.0001,0,0.0004,0.544,0.0008,0,0.0215
115,5/16/2015,0.0002,0.0028,0.0633,0.0023,0.0126,0.0064,0.0006,0.011,0.001,0.0007,0.0002,0,0.0658,0.1464,0.0007,0.0005,0.0004,0.005,0,0.0007,0,0.0009,0.0001,0,0.0051,0.0038,0.0001,0.0033,0.0029,0.0004,0.0011,0.0001,0.0037,0.0025,0.0802,0.0001,0.0148,0.0021,0.0084,0.0001,0,0.0004,0.5282,0.0008,0,0.0202
116,5/23/2015,0.0002,0.0013,0.061,0.002,0.0244,0.004,0.0006,0.015,0.0013,0.0008,0,0,0.0593,0.145,0.0018,0.0006,0.0004,0.0072,0,0.0005,0.0005,0.0019,0.0001,0,0.004,0.0048,0.0001,0.0045,0.0027,0.0006,0.0015,0.0001,0.0015,0.0042,0.0642,0.0001,0.0179,0.0012,0.0097,0.0001,0,0.0004,0.5322,0.0009,0,0.0216
117,5/30/2015,0.0004,0.0039,0.0645,0.002,0.0134,0.0025,0.0005,0.0072,0.0012,0.0007,0.0003,0,0.0627,0.1401,0.0027,0.0009,0.0002,0.0053,0,0.0002,0,0.0013,0,0,0.0033,0.0028,0,0.0027,0.003,0.0002,0.0019,0.0001,0.0029,0.0044,0.0523,0.0001,0.0135,0.001,0.0121,0.0001,0,0.0003,0.5646,0.0005,0,0.0241
118,6/6/2015,0.0002,0.0059,0.0554,0.0014,0.0154,0.0018,0.0003,0.0078,0.0007,0.002,0.0003,0,0.0523,0.142,0.0001,0.0011,0.0004,0.0055,0,0,0,0.001,0,0,0.003,0.005,0.0004,0.0035,0.0039,0.0005,0.0027,0,0.004,0.0042,0.0623,0.0001,0.0161,0.0006,0.011,0.0002,0,0.0026,0.5643,0.0006,0,0.0212
119,6/13/2015,0.0001,0.0029,0.0593,0.0018,0.014,0.0021,0.0004,0.0082,0.0007,0.0004,0.0001,0,0.0651,0.1431,0.0038,0.0005,0.0003,0.0071,0,0.0004,0.0001,0.0004,0,0,0.0042,0.0041,0,0.003,0.0035,0.0003,0.0021,0.0004,0.0017,0.0057,0.0636,0.0001,0.015,0.001,0.0141,0.0002,0,0.0006,0.547,0.001,0,0.0215
120,6/20/2015,0.0001,0.0024,0.0534,0.0015,0.0156,0.0023,0.0005,0.0083,0.001,0.0007,0.0001,0,0.0727,0.1421,0.003,0.0009,0.0003,0.0079,0,0.0007,0,0.0009,0,0,0.0033,0.0038,0,0.0028,0.0034,0.0003,0.012,0.0003,0.0026,0.0038,0.0653,0,0.0188,0.001,0.0146,0.0003,0,0.0004,0.5255,0.0008,0,0.0264
121,6/27/2015,0.0001,0.0045,0.0583,0.0019,0.0138,0.0025,0.0008,0.0085,0.0013,0.0005,0.0005,0,0.0823,0.1455,0.0006,0.0013,0.0002,0.0072,0,0.0016,0,0.0011,0,0,0.005,0.0054,0.0002,0.0033,0.0044,0.0004,0.0134,0.0003,0.0038,0.008,0.0658,0.0003,0.0186,0.0011,0.0054,0.0002,0,0.0003,0.5068,0.0009,0,0.0239
122,7/4/2015,0.0004,0.0069,0.0598,0.0038,0.0131,0.003,0.0048,0.0101,0.0007,0.0005,0.0002,0,0.064,0.1455,0.0023,0.0012,0.0004,0.0064,0,0.0003,0.0001,0.0005,0,0,0.0048,0.0057,0,0.0039,0.0029,0.0002,0.0037,0.0009,0.0022,0.0056,0.0658,0.0002,0.014,0.0017,0.0109,0.0003,0,0.0007,0.5301,0.001,0.0001,0.0214
123,7/11/2015,0.0014,0.0034,0.0555,0.002,0.011,0.0011,0.0011,0.0103,0.0012,0.0008,0.0002,0,0.0724,0.1319,0.0034,0.0015,0.0003,0.0054,0,0.0001,0.0001,0.0014,0,0,0.0053,0.0042,0.0001,0.0031,0.0033,0.0004,0.0067,0.0003,0.0027,0.0032,0.063,0,0.0153,0.0015,0.0109,0.0002,0,0.0007,0.5447,0.0013,0.0001,0.0286
124,7/18/2015,0.001,0.0033,0.0571,0.0017,0.0112,0.0028,0.001,0.0062,0.0009,0.0005,0.0001,0,0.0514,0.1447,0.0025,0.0012,0.0001,0.0062,0,0.0005,0.0002,0.0013,0.0001,0,0.0047,0.0054,0,0.0044,0.0025,0.0003,0.0013,0.0003,0.0035,0.0051,0.0738,0.0002,0.0186,0.0025,0.0188,0.0002,0,0.0008,0.5297,0.0017,0.0002,0.0321
125,7/25/2015,0.002,0.0057,0.0592,0.0022,0.01,0.0015,0.0005,0.0092,0.0014,0.0005,0.0013,0,0.062,0.1501,0.0032,0.0005,0.0002,0.0049,0,0.0011,0.0001,0.0007,0,0,0.0046,0.0047,0.0001,0.0052,0.0028,0.0004,0.0026,0.0005,0.001,0.004,0.0651,0.0002,0.0171,0.0013,0.014,0.0001,0,0.0009,0.5263,0.0015,0.0002,0.0311
126,8/1/2015,0.0012,0.0044,0.0608,0.0024,0.0097,0.0021,0.0022,0.0105,0.001,0.0007,0.0008,0,0.0695,0.1446,0.0023,0.0009,0.0003,0.0056,0,0.0011,0.0001,0.0007,0,0,0.0043,0.0055,0.0001,0.0042,0.0021,0.0006,0.0017,0.0005,0.0009,0.0038,0.065,0.0004,0.0133,0.0009,0.0065,0.0002,0,0.001,0.5343,0.0009,0.0001,0.0329
127,8/8/2015,0.0008,0.0044,0.0541,0.0011,0.0145,0.0029,0.0015,0.0073,0.001,0.001,0.0003,0,0.0616,0.1475,0.0045,0.0017,0.0003,0.0071,0,0,0,0.0007,0,0,0.0047,0.0036,0.0001,0.0045,0.003,0.001,0.0031,0.0008,0.0017,0.0031,0.0725,0.0002,0.0151,0.0012,0.0088,0.0001,0,0.0007,0.5357,0.0007,0,0.0273
128,8/15/2015,0.0016,0.0029,0.0521,0.0011,0.0169,0.0034,0.0018,0.0066,0.0019,0.0003,0.0002,0,0.0499,0.173,0.004,0.0009,0.0002,0.0066,0,0,0,0.0012,0,0,0.0048,0.004,0.0008,0.0038,0.0035,0.0007,0.0035,0.0004,0.0026,0.0042,0.0669,0.0001,0.0144,0.0013,0.0051,0.0001,0,0.0004,0.5178,0.001,0,0.0399
129,8/22/2015,0.0015,0.0033,0.0551,0.0018,0.0102,0.003,0.0011,0.0117,0.0009,0.0008,0.0002,0,0.0662,0.1593,0.0013,0.001,0.0003,0.0059,0,0.001,0.0004,0.0014,0,0,0.0052,0.0052,0.0001,0.0037,0.0024,0.0003,0.003,0.0014,0.0015,0.0035,0.0715,0.0002,0.0173,0.0012,0.0118,0.0002,0,0.0003,0.5082,0.0017,0,0.0347
130,8/29/2015,0.0005,0.0047,0.0537,0.0019,0.0091,0.002,0.0012,0.0215,0.0013,0.0009,0.0004,0,0.0666,0.1235,0.0031,0.0009,0.0003,0.0089,0,0.0005,0,0.0008,0,0,0.0041,0.0049,0.0001,0.004,0.0019,0.0003,0.0042,0.0007,0.0021,0.0026,0.0733,0.0004,0.0163,0.0014,0.0081,0.0002,0,0.0007,0.5356,0.001,0,0.0364
131,9/5/2015,0.0004,0.0032,0.0563,0.0021,0.0114,0.0017,0.0009,0.0074,0.0023,0.0007,0.0002,0,0.0555,0.1514,0.003,0.0016,0.0002,0.0065,0,0.0001,0,0.0013,0,0,0.0048,0.0052,0.0001,0.003,0.0027,0.0005,0.0029,0.0012,0.0014,0.0045,0.0771,0.0002,0.0166,0.0012,0.0092,0.0001,0,0.0007,0.5262,0.0014,0.0003,0.0344
132,9/12/2015,0.0005,0.0048,0.0517,0.0019,0.0107,0.0035,0.0014,0.0104,0.0012,0.0009,0.0001,0,0.0592,0.1385,0.0039,0.0011,0.0001,0.0038,0,0.0007,0,0.0013,0,0,0.0046,0.0037,0.0002,0.0031,0.0019,0.0003,0.0081,0.001,0.0014,0.0052,0.0763,0,0.0136,0.0019,0.0063,0.0002,0.0001,0.001,0.5378,0.0008,0,0.0365
133,9/19/2015,0.0004,0.0041,0.055,0.0015,0.0132,0.0026,0.0009,0.0082,0.0011,0.0012,0.0005,0,0.0492,0.129,0.009,0.001,0.0002,0.0046,0,0.0008,0.0001,0.0016,0,0,0.0055,0.0032,0,0.0028,0.0024,0.0002,0.0041,0.0008,0.0011,0.0026,0.0818,0.0007,0.0165,0.0024,0.0073,0.0001,0,0.0006,0.5483,0.0009,0,0.0341
134,9/26/2015,0.0002,0.0033,0.0538,0.0018,0.0133,0.0024,0.0005,0.0116,0.0011,0.0005,0.0006,0,0.067,0.1388,0.0014,0.0009,0.0002,0.0059,0,0.0008,0,0.002,0.0001,0,0.0063,0.0075,0.0001,0.0031,0.0031,0.0006,0.0035,0.0011,0.0015,0.0056,0.0761,0.001,0.0174,0.001,0.008,0.0004,0,0.0005,0.5212,0.0007,0.0001,0.035
135,10/3/2015,0.0001,0.0024,0.0478,0.0022,0.0128,0.0031,0.0016,0.0189,0.0007,0.0007,0.0004,0,0.0524,0.1247,0.0049,0.0007,0.0003,0.0062,0,0.0007,0,0.0012,0,0,0.0046,0.0046,0.0003,0.0029,0.0021,0.0005,0.0015,0.0008,0.0016,0.0031,0.0815,0.0001,0.0151,0.0004,0.0064,0.0006,0,0.0009,0.556,0.0007,0,0.0345
136,10/10/2015,0.0001,0.0038,0.0632,0.0013,0.0099,0.0023,0.0032,0.0155,0.0011,0.0004,0.0001,0,0.0498,0.1388,0.0009,0.001,0.0001,0.0066,0,0.0007,0,0.0011,0,0,0.0041,0.0042,0.0004,0.0029,0.0027,0.0015,0.003,0.0013,0.0012,0.0057,0.0866,0.0005,0.0156,0.0044,0.0103,0.0001,0,0.0017,0.524,0.0009,0,0.0286
137,10/17/2015,0.0003,0.0038,0.0556,0.0017,0.0125,0.0044,0.0027,0.015,0.0005,0.0004,0.0002,0,0.0616,0.1398,0.0036,0.001,0.0002,0.006,0,0.0006,0.0001,0.001,0,0,0.0031,0.0055,0.0003,0.0027,0.0018,0.0016,0.002,0.0015,0.0024,0.0077,0.0934,0.0001,0.0146,0.001,0.0091,0.0003,0,0.0005,0.5056,0.0009,0,0.0348
138,10/24/2015,0.0012,0.005,0.0551,0.0031,0.0159,0.0038,0.0005,0.0109,0.0011,0.0009,0.0005,0,0.0478,0.1486,0.0017,0.0009,0.0003,0.0126,0,0.0003,0,0.0011,0,0,0.0035,0.0057,0.0002,0.0031,0.0017,0.002,0.0034,0.0016,0.0013,0.0045,0.0883,0.0006,0.017,0.0025,0.0111,0.0003,0,0.0008,0.4993,0.0007,0.0001,0.0408
139,10/31/2015,0.0015,0.0044,0.0573,0.0026,0.0148,0.0028,0.0019,0.0067,0.0017,0.0024,0.0006,0,0.0594,0.1503,0.0031,0.0014,0.0002,0.0142,0,0,0.0003,0.0007,0,0,0.0035,0.005,0.0001,0.0048,0.0019,0.0011,0.0032,0.0023,0.0008,0.0046,0.0782,0.0002,0.0179,0.0036,0.0181,0.0002,0,0.0006,0.4932,0.0008,0.0001,0.0332
140,11/7/2015,0.0017,0.0036,0.0612,0.0027,0.0104,0.0032,0.0012,0.0055,0.0015,0.0012,0.0002,0,0.0641,0.1465,0.0041,0.0015,0.0002,0.0097,0,0.0006,0,0.0025,0,0,0.0036,0.0049,0,0.0025,0.0023,0.0006,0.0025,0.0014,0.0014,0.0047,0.0946,0.0005,0.0132,0.0022,0.0104,0.0001,0,0.0008,0.4954,0.001,0.0001,0.0361
141,11/14/2015,0.0033,0.0049,0.0568,0.0037,0.0141,0.0026,0.0004,0.0119,0.0005,0.0012,0.0005,0,0.0406,0.1435,0.0059,0.0008,0.0002,0.0164,0,0.002,0.0002,0.0022,0,0,0.0033,0.0047,0,0.0028,0.0041,0.0007,0.0043,0.002,0.0011,0.0054,0.0954,0.0002,0.0132,0.0013,0.0136,0.0003,0,0.0007,0.4952,0.0008,0.0008,0.0386
142,11/21/2015,0.0064,0.0022,0.0638,0.0024,0.0131,0.0026,0.0008,0.0112,0.0009,0.0015,0.0004,0,0.0586,0.136,0.0492,0.0013,0.0003,0.0267,0,0.0009,0,0.0012,0,0,0.0035,0.0043,0.0001,0.0028,0.0047,0.0008,0.0016,0.0016,0.0018,0.003,0.0916,0.0001,0.0173,0.0024,0.0105,0.0006,0,0.0011,0.4301,0.0013,0.0002,0.041
143,11/28/2015,0.002,0.0055,0.0518,0.003,0.0111,0.0034,0.0005,0.0066,0.001,0.002,0.0005,0,0.0612,0.1398,0.0003,0.002,0.0004,0.0232,0,0.0012,0.0001,0.0012,0,0,0.0046,0.0052,0,0.0044,0.0038,0.0009,0.0021,0.0023,0.001,0.0046,0.103,0,0.014,0.0016,0.0082,0.0008,0,0.0009,0.477,0.0011,0.0007,0.0469
144,12/5/2015,0.0007,0.0025,0.0573,0.0041,0.0123,0.004,0.0006,0.012,0.0007,0.0021,0.0004,0,0.0561,0.1299,0.0049,0.0017,0.0002,0.0226,0,0,0,0.0014,0,0,0.0037,0.0049,0.0002,0.0041,0.0057,0.0006,0.0025,0.0026,0.0026,0.0042,0.1207,0.0004,0.0173,0.0025,0.012,0.0002,0,0.0008,0.4618,0.001,0.0003,0.0383
145,12/12/2015,0.0008,0.0059,0.0642,0.0023,0.0111,0.0052,0.0008,0.0125,0.0019,0.0013,0.0003,0,0.057,0.1296,0.0005,0.0016,0.0004,0.0183,0.0001,0.001,0,0.0009,0,0,0.0043,0.0054,0.0004,0.0049,0.0033,0.0033,0.0035,0.0016,0.0022,0.0076,0.1236,0,0.0152,0.0018,0.0157,0.0005,0,0.0006,0.4498,0.001,0.0005,0.0392
146,12/19/2015,0.0011,0.0058,0.0666,0.0034,0.0113,0.003,0.0008,0.0179,0.0008,0.0005,0.0005,0,0.0577,0.1078,0.0217,0.0017,0,0.0104,0,0.0006,0,0.0012,0,0,0.0041,0.007,0.0001,0.0033,0.0043,0.0007,0.0014,0.0014,0.0012,0.0079,0.1579,0.0001,0.0183,0.0049,0.0075,0.0003,0,0.0018,0.4246,0.001,0.0005,0.0389
147,12/26/2015,0.0011,0.0025,0.0384,0.0019,0.0096,0.0034,0.0009,0.0066,0.0004,0.0011,0.0006,0,0.0614,0.1071,0.0039,0.0012,0.0002,0.0132,0,0.0005,0,0.0019,0,0,0.0037,0.005,0.0002,0.0069,0.0063,0.002,0.001,0.0015,0.0009,0.0026,0.1506,0.0004,0.0156,0.011,0.0084,0.0002,0,0.0011,0.4775,0.0014,0.0002,0.0476
148,1/9/2016,0.0009,0.0036,0.0399,0.0033,0.0119,0.0037,0.0005,0.0165,0.0011,0.0004,0.0003,0,0.0522,0.1359,0.0015,0.0006,0.0002,0.0118,0,0,0,0.0019,0,0,0.0049,0.006,0.0001,0.0055,0.0084,0.0011,0.0029,0.0019,0.0018,0.0037,0.0899,0.0001,0.0141,0.0032,0.0124,0.0004,0,0.0011,0.5042,0.0013,0.0001,0.0505
149,1/16/2016,0.003,0.0026,0.0456,0.0027,0.0124,0.0036,0.0004,0.0078,0.0013,0.0013,0.0007,0,0.0635,0.1383,0.0015,0.0017,0.0003,0.0087,0,0.0002,0.0001,0.0013,0,0,0.0053,0.0068,0.0002,0.005,0.0054,0.0018,0.0016,0.0014,0.0018,0.0039,0.1037,0,0.0172,0.003,0.0081,0.0002,0,0.0011,0.491,0.0009,0.0001,0.0444
150,1/23/2016,0.0004,0.0071,0.0458,0.0037,0.013,0.0056,0.0006,0.0084,0.0014,0.0015,0.0009,0,0.0571,0.1313,0.0025,0.0014,0.0002,0.0092,0,0.0012,0.0001,0.0018,0,0,0.006,0.0043,0.0002,0.0038,0.0036,0.0025,0.003,0.0014,0.0019,0.0063,0.103,0.0001,0.0178,0.0022,0.0107,0.0004,0,0.0011,0.4848,0.0017,0.0001,0.0516
151,1/30/2016,0.0009,0.0044,0.04,0.002,0.0129,0.0073,0.0005,0.025,0.0011,0.0014,0.0004,0.0001,0.063,0.1408,0.0016,0.0008,0.0001,0.008,0,0.0006,0.0001,0.0015,0,0,0.0068,0.0044,0.0001,0.0029,0.0027,0.0008,0.0014,0.0028,0.0029,0.0046,0.1006,0.0001,0.0233,0.0008,0.0196,0.0005,0,0.0017,0.4589,0.0012,0,0.0513
152,2/6/2016,0.0006,0.0064,0.0465,0.003,0.0101,0.0023,0.0007,0.0128,0.0011,0.0012,0.001,0.0002,0.0512,0.1315,0.0061,0.0017,0.0003,0.0091,0,0.0006,0.0001,0.0026,0,0,0.0041,0.0055,0.0003,0.0034,0.0039,0.0006,0.0013,0.0017,0.0017,0.0049,0.108,0.0002,0.0187,0.002,0.0106,0.0006,0,0.0009,0.4888,0.0013,0,0.0522
153,2/13/2016,0.0016,0.003,0.0452,0.0029,0.0112,0.0025,0.0006,0.0135,0.0016,0.002,0.0006,0.0001,0.0621,0.1331,0.0029,0.0027,0.0002,0.0099,0.0001,0.0006,0.0002,0.0024,0,0,0.0036,0.0049,0.0008,0.0025,0.0019,0.0004,0.0015,0.0017,0.0014,0.0032,0.1124,0,0.0181,0.001,0.006,0.0006,0,0.0016,0.4859,0.0013,0,0.052
154,2/20/2016,0.0021,0.0036,0.0384,0.0023,0.0113,0.0014,0.0004,0.0338,0.0014,0.0011,0.0004,0.0001,0.0463,0.1188,0.0018,0.0016,0.0003,0.0077,0.0003,0.0005,0.0065,0.002,0,0.0003,0.0043,0.0057,0.0003,0.0043,0.0042,0.0009,0.0012,0.0021,0.0023,0.0044,0.1177,0.0001,0.0162,0.001,0.0093,0.0009,0,0.0014,0.4898,0.0016,0.0004,0.0497
155,2/27/2016,0.0036,0.0038,0.0389,0.0025,0.0091,0.0027,0.0004,0.0256,0.0007,0.0016,0.0003,0.0001,0.0479,0.125,0.0042,0.0012,0.0003,0.0088,0,0.0006,0,0.0019,0,0.0001,0.004,0.0067,0.0001,0.0035,0.004,0.0005,0.0012,0.0013,0.0016,0.0042,0.1048,0.0002,0.0181,0.0011,0.0063,0.0018,0,0.0014,0.5007,0.0012,0.0001,0.0578
156,3/5/2016,0.0014,0.0055,0.0426,0.0024,0.011,0.0032,0.0008,0.0116,0.002,0.0036,0.0008,0.0001,0.0494,0.1287,0.0029,0.0014,0.0003,0.009,0,0.0037,0,0.0025,0,0,0.0035,0.0073,0.0001,0.0035,0.003,0.0005,0.0017,0.0022,0.0018,0.0045,0.1233,0.0001,0.0196,0.0012,0.0134,0.0003,0,0.002,0.4582,0.0012,0.0006,0.0691
157,3/12/2016,0.0014,0.0028,0.0444,0.0023,0.011,0.002,0.0005,0.0108,0.001,0.0022,0.0003,0.0001,0.055,0.1216,0.0008,0.0015,0.0004,0.0108,0.0001,0.0021,0,0.0026,0,0,0.0034,0.0044,0.0002,0.0054,0.0036,0.0004,0.0041,0.002,0.0022,0.0052,0.1225,0.0001,0.0159,0.0011,0.0071,0.0003,0,0.0012,0.4762,0.0017,0.0001,0.0692
158,3/19/2016,0.0015,0.0022,0.0418,0.0025,0.0112,0.0015,0.0005,0.0081,0.0011,0.0028,0.0004,0,0.0579,0.1108,0.0015,0.0022,0.0001,0.0081,0,0.0005,0,0.0034,0,0,0.0052,0.0053,0.0007,0.0063,0.0021,0.0002,0.0016,0.001,0.0021,0.0045,0.1364,0,0.0155,0.0006,0.0042,0.0009,0,0.0009,0.4927,0.0015,0.0009,0.0592
159,3/26/2016,0.001,0.0029,0.0364,0.0019,0.0154,0.0021,0.0005,0.0091,0.0004,0.0022,0.0005,0,0.0537,0.1135,0.0017,0.002,0.0002,0.0053,0.0001,0.0005,0,0.0029,0,0,0.0037,0.0043,0.0005,0.0037,0.0026,0.0004,0.0026,0.0022,0.0028,0.0053,0.1332,0.0001,0.0169,0.0006,0.005,0.0022,0,0.0018,0.4973,0.0012,0.0002,0.0612
160,4/2/2016,0.0078,0.003,0.0409,0.0024,0.0114,0.0018,0.0004,0.0104,0.0009,0.0014,0.0004,0,0.0491,0.1161,0.0025,0.0012,0.0001,0.0075,0.0001,0.0005,0,0.0035,0,0,0.0035,0.0047,0.0009,0.0047,0.0046,0.0004,0.0034,0.0012,0.002,0.005,0.1317,0.0002,0.0192,0.0008,0.01,0.0004,0,0.0004,0.478,0.0017,0.0001,0.0658
161,4/9/2016,0.0191,0.007,0.0471,0.0037,0.0116,0.0015,0.0005,0.0147,0.0012,0.0022,0.0004,0,0.0465,0.1117,0.0018,0.0024,0.0001,0.0065,0,0.0006,0.0015,0.0021,0,0,0.0029,0.0051,0.0006,0.0044,0.0023,0.0004,0.0027,0.0012,0.002,0.0063,0.1335,0.0001,0.0152,0.0009,0.0063,0.0003,0,0.0011,0.4634,0.0015,0.0005,0.0668
162,4/16/2016,0.0012,0.0032,0.0429,0.0023,0.0097,0.0016,0.0003,0.0159,0.0014,0.0019,0.0005,0,0.0462,0.1212,0.0088,0.0022,0.0001,0.0065,0,0.0007,0,0.0027,0,0,0.0033,0.004,0.0004,0.0042,0.0028,0.0003,0.0029,0.0013,0.0031,0.0053,0.1451,0.0001,0.0166,0.0005,0.0072,0.001,0,0.001,0.4782,0.0023,0.0001,0.0508
163,4/23/2016,0.0017,0.0026,0.0541,0.002,0.0099,0.002,0.001,0.0205,0.0021,0.0014,0.0006,0,0.0448,0.1225,0.0023,0.0024,0.0002,0.0069,0.0003,0.0009,0.0003,0.004,0,0,0.0029,0.0056,0.0009,0.0061,0.0035,0.0003,0.0022,0.0018,0.002,0.0084,0.1499,0.0001,0.0162,0.0018,0.0068,0.0002,0,0.0014,0.4611,0.0026,0.0003,0.0434
164,4/30/2016,0.0043,0.0042,0.0405,0.0046,0.0095,0.0026,0.0007,0.0131,0.0011,0.0016,0.0002,0.0001,0.0384,0.1256,0.004,0.0017,0.0001,0.0143,0.0002,0.0009,0,0.0034,0,0.0002,0.0038,0.0054,0.0006,0.0066,0.0029,0.0004,0.0063,0.0021,0.0027,0.0073,0.1595,0.0005,0.0215,0.0018,0.0111,0.0004,0,0.0015,0.4438,0.003,0.0008,0.0466
165,5/7/2016,0.0026,0.0028,0.0381,0.0026,0.011,0.0014,0.0006,0.0262,0.0018,0.0013,0.0004,0.0001,0.0413,0.1179,0.0016,0.0025,0.0003,0.0126,0.0001,0.0048,0.0001,0.005,0,0.0002,0.0049,0.0076,0.0005,0.0061,0.0031,0.0005,0.0022,0.0024,0.0015,0.0079,0.1458,0.0004,0.0199,0.0007,0.0092,0.0003,0,0.0014,0.4592,0.0025,0,0.0484
166,5/14/2016,0.0032,0.0053,0.0377,0.0042,0.0108,0.0015,0.0005,0.0141,0.0023,0.0015,0.0005,0.0001,0.0435,0.1258,0.0025,0.0026,0.0002,0.0122,0,0.0085,0.0001,0.0046,0,0.0001,0.0032,0.0059,0.0005,0.0049,0.0023,0.0006,0.0029,0.0022,0.0029,0.0104,0.1523,0.0005,0.0175,0.0009,0.0085,0.0007,0,0.0013,0.4604,0.0034,0.0004,0.0364
167,5/21/2016,0.0024,0.0041,0.0395,0.0032,0.011,0.0016,0.0005,0.0189,0.0018,0.0011,0.0003,0,0.038,0.1311,0.0022,0.0034,0.0004,0.0095,0,0.0004,0,0.0046,0,0.0004,0.0045,0.0075,0.0012,0.0044,0.0022,0.0005,0.0035,0.0024,0.0035,0.0069,0.1714,0.0002,0.0184,0.0004,0.0073,0.0002,0,0.0013,0.4512,0.0041,0.0003,0.0343
168,5/28/2016,0.0038,0.0028,0.0353,0.0036,0.0096,0.0015,0.0006,0.0245,0.0031,0.0015,0.0002,0.0005,0.0348,0.1461,0.0067,0.0015,0.0003,0.0111,0,0.0002,0.0003,0.0039,0,0.0002,0.0033,0.0072,0.0014,0.004,0.0035,0.0006,0.0053,0.002,0.0018,0.0047,0.1719,0.0007,0.0184,0.0006,0.0166,0.0001,0,0.0009,0.4282,0.0048,0.0002,0.0314
169,6/4/2016,0.0068,0.0038,0.0418,0.0026,0.0098,0.0009,0.0005,0.0198,0.0024,0.0014,0.0009,0.0004,0.0495,0.1402,0.0026,0.0028,0.0001,0.0119,0.0001,0,0.0001,0.0051,0,0.0006,0.0042,0.0074,0.0014,0.0053,0.0037,0.0009,0.002,0.0031,0.002,0.0059,0.1802,0.0003,0.0187,0.0008,0.0102,0.0004,0,0.0009,0.409,0.0044,0.0007,0.0343
170,6/11/2016,0.011,0.0038,0.0388,0.0028,0.0128,0.002,0.0006,0.0497,0.0022,0.0016,0.0003,0.0004,0.0374,0.1168,0.0017,0.002,0.0002,0.0076,0,0.0004,0.0004,0.0061,0,0.0011,0.0031,0.0054,0.0019,0.0054,0.0034,0.0005,0.0018,0.005,0.0023,0.0058,0.1681,0.0007,0.0167,0.0019,0.0114,0.0004,0,0.0007,0.4315,0.0054,0.0004,0.0285
171,6/18/2016,0.0082,0.0037,0.039,0.0057,0.0104,0.0012,0.0012,0.0208,0.0038,0.0019,0.0003,0.0001,0.0405,0.1321,0.0069,0.0021,0.0002,0.0157,0.0001,0.0008,0.0007,0.0045,0,0.0007,0.0034,0.0086,0.0016,0.0065,0.0051,0.0003,0.002,0.0048,0.0011,0.0059,0.1788,0.0008,0.0191,0.0013,0.0108,0.0004,0,0.0013,0.3951,0.0052,0.0006,0.0467
172,6/25/2016,0.0014,0.0019,0.0444,0.003,0.011,0.0027,0.0007,0.0523,0.0029,0.0017,0.0005,0.0004,0.0376,0.1317,0.0097,0.0012,0.0002,0.0123,0,0.0011,0.0002,0.0046,0,0.0003,0.0036,0.0096,0.0014,0.011,0.0057,0.001,0.0023,0.0028,0.0015,0.0051,0.1838,0.0003,0.0176,0.0026,0.0078,0.0002,0.0001,0.0009,0.3864,0.0045,0.0001,0.0301
173,7/2/2016,0.0028,0.0023,0.0404,0.0029,0.0103,0.0022,0.0005,0.0137,0.0036,0.0013,0.0005,0.0006,0.0374,0.135,0.0023,0.0008,0.0002,0.0119,0.0001,0.0006,0,0.0048,0,0.0007,0.0046,0.0094,0.0018,0.0039,0.0044,0.0004,0.0018,0.0021,0.0023,0.0053,0.1914,0.0005,0.0183,0.0021,0.0078,0.0003,0.0001,0.0019,0.4373,0.0041,0.0001,0.0252
174,7/9/2016,0.0012,0.003,0.0434,0.0031,0.009,0.0014,0.001,0.0188,0.0022,0.0005,0.0007,0.0001,0.0398,0.1283,0.0138,0.001,0.0004,0.0118,0.0001,0,0,0.0049,0,0.0003,0.0052,0.0049,0.0009,0.0059,0.0042,0.0007,0.0012,0.0022,0.0015,0.0052,0.1959,0.0001,0.0171,0.0018,0.007,0.0004,0.0002,0.0015,0.4148,0.0079,0.0001,0.0363
175,7/16/2016,0.0013,0.0038,0.0407,0.0032,0.0089,0.002,0.0012,0.0245,0.0016,0.0013,0.001,0,0.034,0.1118,0.002,0.0013,0.0002,0.0093,0.0002,0.0005,0,0.0062,0,0.0006,0.005,0.0076,0.0007,0.0045,0.0029,0.0005,0.0012,0.0031,0.0016,0.0055,0.1939,0.0003,0.0167,0.0027,0.0089,0.0004,0.0001,0.0019,0.4432,0.0076,0.0004,0.0357
176,7/23/2016,0.0023,0.0027,0.0432,0.0025,0.0099,0.0021,0.0005,0.0223,0.0013,0.001,0.0005,0.0002,0.0333,0.1074,0.0031,0.0014,0.0003,0.0094,0.0001,0,0.0001,0.0073,0.0001,0.0004,0.0044,0.0135,0.0008,0.0053,0.0032,0.0012,0.0024,0.0022,0.0013,0.0056,0.2097,0.0003,0.0162,0.001,0.0099,0.0003,0.0001,0.0014,0.4337,0.0077,0.0005,0.028
177,7/30/2016,0.0016,0.0033,0.042,0.0022,0.0085,0.0021,0.0004,0.0285,0.0024,0.0013,0.0002,0.0003,0.0323,0.1199,0.0043,0.0012,0.0001,0.0115,0.0001,0,0.0003,0.0038,0,0.0009,0.0034,0.0099,0.0012,0.0061,0.0029,0.0003,0.0015,0.0033,0.0027,0.0042,0.2094,0.0002,0.0198,0.0003,0.0235,0.0003,0,0.0015,0.4094,0.0088,0.0001,0.0238
178,8/6/2016,0.0062,0.0019,0.0475,0.0036,0.0103,0.0019,0.0008,0.0227,0.0025,0.001,0.0011,0.0002,0.0496,0.1231,0.0058,0.001,0.0002,0.01,0,0,0.0006,0.004,0.0001,0.0006,0.0032,0.0109,0.0013,0.0046,0.0049,0.0007,0.0024,0.0036,0.003,0.0047,0.2072,0.0004,0.0149,0.0022,0.0092,0.0003,0.0001,0.0021,0.394,0.01,0.0001,0.0257
179,8/13/2016,0.0011,0.0018,0.0408,0.003,0.0136,0.0008,0.0005,0.0146,0.0017,0.0012,0.0003,0.0001,0.0477,0.1185,0.0062,0.0009,0.0001,0.0101,0.0001,0.0001,0.0008,0.0029,0,0.0003,0.0039,0.0059,0.0017,0.0055,0.005,0.0009,0.002,0.0025,0.0021,0.0055,0.2032,0.0001,0.0139,0.0014,0.0087,0.0002,0.0001,0.0015,0.442,0.009,0.0006,0.0171
180,8/20/2016,0.0012,0.0014,0.0427,0.0032,0.0102,0.0011,0.0006,0.0211,0.0028,0.0017,0.0004,0,0.0327,0.1064,0.0027,0.0012,0.0001,0.0088,0,0.0005,0.0004,0.0032,0,0.0007,0.0034,0.0067,0.0017,0.005,0.0042,0.0008,0.001,0.0034,0.0019,0.0043,0.2141,0.0002,0.0142,0.001,0.0092,0.0004,0,0.0016,0.4445,0.0095,0.0003,0.0293
181,8/27/2016,0.0013,0.0026,0.0469,0.0028,0.0122,0.0022,0.0005,0.0167,0.0048,0.0012,0.0008,0.0001,0.0419,0.1212,0.0055,0.0007,0.0001,0.0104,0.0001,0.0001,0.0001,0.0028,0,0.0006,0.0034,0.0081,0.0018,0.005,0.0093,0.001,0.0007,0.002,0.0022,0.0063,0.2236,0.0004,0.0196,0.0014,0.0118,0.0006,0,0.0024,0.3914,0.0107,0.0003,0.0223
182,9/3/2016,0.0015,0.0023,0.0418,0.004,0.0136,0.0021,0.0003,0.0205,0.0028,0.0015,0.0005,0.0001,0.0391,0.1108,0.0062,0.0006,0.0001,0.0117,0.0001,0.0002,0,0.0034,0,0.0003,0.0045,0.0089,0.003,0.0052,0.007,0.0015,0.002,0.0023,0.0017,0.0043,0.2381,0.0004,0.0211,0.0016,0.0112,0.0013,0.0002,0.0023,0.3863,0.0109,0.0005,0.0224
183,9/10/2016,0.002,0.0028,0.0408,0.0054,0.0091,0.0014,0.0007,0.0175,0.003,0.0009,0.0003,0.0001,0.0392,0.1168,0.0093,0.0012,0.0003,0.0121,0,0.0005,0,0.0037,0.0001,0.0019,0.004,0.0073,0.0022,0.0055,0.0063,0.0015,0.0022,0.0059,0.0009,0.0039,0.2488,0.0002,0.0156,0.001,0.0232,0.0027,0.0001,0.009,0.3621,0.0102,0.0002,0.0182
184,9/17/2016,0.0038,0.0035,0.0431,0.0047,0.0115,0.0011,0.0007,0.0193,0.0033,0.0013,0.0007,0.0002,0.0379,0.1126,0.0043,0.0015,0.0001,0.013,0.0001,0.0001,0,0.0038,0,0.0007,0.0036,0.006,0.0025,0.0055,0.0058,0.0008,0.0014,0.0024,0.0016,0.0038,0.2368,0.0001,0.0146,0.0012,0.0094,0.0009,0,0.0035,0.402,0.0139,0.0006,0.0165
185,9/24/2016,0.0024,0.0032,0.0489,0.0029,0.0142,0.0007,0.0007,0.0194,0.003,0.0012,0.0004,0.0004,0.0462,0.1067,0.0048,0.0012,0.0002,0.0127,0.0003,0,0.0003,0.0048,0,0.0014,0.0043,0.0071,0.0026,0.0055,0.0057,0.0004,0.0012,0.0037,0.002,0.0031,0.218,0.0001,0.0153,0.0014,0.0088,0.0016,0.0001,0.0027,0.4101,0.0114,0.0011,0.0181
186,10/1/2016,0.0016,0.0021,0.0466,0.0047,0.0129,0.0008,0.0008,0.0184,0.0029,0.0015,0.0003,0.0002,0.0392,0.1296,0.0045,0.001,0.0001,0.0113,0.0011,0.0004,0.0001,0.004,0.0001,0.0012,0.0037,0.0063,0.0046,0.0048,0.0067,0.0006,0.0028,0.0027,0.0018,0.0032,0.2355,0.0009,0.0171,0.0008,0.0085,0.002,0.0001,0.0022,0.3814,0.0103,0.0003,0.018
187,10/8/2016,0.0043,0.0029,0.0411,0.0049,0.0161,0.0013,0.0006,0.0179,0.0043,0.0012,0.0007,0.0002,0.0447,0.114,0.0041,0.0005,0.0001,0.0125,0.0016,0.0002,0.0004,0.0039,0.0001,0.0008,0.0032,0.005,0.0052,0.0038,0.0054,0.0003,0.0025,0.0044,0.0009,0.0042,0.2473,0.0005,0.0171,0.0008,0.0074,0.0022,0.0001,0.0026,0.3752,0.012,0.0003,0.0213
188,10/15/2016,0.0009,0.0021,0.0427,0.0043,0.0137,0.0013,0.0009,0.0231,0.005,0.0015,0.0006,0.0002,0.0519,0.1121,0.0042,0.0007,0.0002,0.0104,0.001,0.0004,0.0001,0.0034,0,0.0011,0.0041,0.0084,0.0049,0.0058,0.0045,0.0013,0.0017,0.0048,0.0014,0.003,0.2487,0.0005,0.014,0.0011,0.0104,0.0051,0.0001,0.003,0.3567,0.0146,0.0008,0.0231
189,10/22/2016,0.0021,0.0016,0.0461,0.0053,0.012,0.0018,0.0011,0.0119,0.0036,0.0012,0.0004,0.0002,0.0481,0.1099,0.0047,0.0006,0.0001,0.01,0.0007,0.0001,0.0002,0.0035,0.0001,0.0013,0.0041,0.0103,0.0062,0.0063,0.0053,0.0016,0.002,0.0037,0.0012,0.0043,0.229,0.0005,0.0136,0.0007,0.0099,0.001,0.0002,0.0029,0.4039,0.0105,0,0.0162
190,10/29/2016,0.0011,0.0012,0.0472,0.0061,0.0106,0.0013,0.0008,0.0148,0.0041,0.0006,0.0003,0,0.042,0.1116,0.0037,0.0003,0.0001,0.0105,0.001,0,0.0001,0.0037,0.0002,0.0008,0.0034,0.013,0.0074,0.0061,0.0054,0.0006,0.0018,0.005,0.0015,0.0036,0.2325,0.0009,0.0172,0.0011,0.0077,0.001,0.0003,0.003,0.3924,0.0112,0.0001,0.0223
191,11/5/2016,0.0013,0.0022,0.0422,0.0052,0.0121,0.0017,0.0007,0.0165,0.0038,0.0004,0.0007,0.0001,0.0473,0.1084,0.0027,0.0008,0.0002,0.0105,0.0013,0,0.0006,0.0037,0.0002,0.0009,0.0032,0.0107,0.0123,0.0055,0.0043,0.001,0.0011,0.0055,0.0013,0.0054,0.225,0.0004,0.0139,0.0012,0.0123,0.0011,0.0001,0.0023,0.3943,0.0129,0.0004,0.0221
192,11/12/2016,0.0019,0.0029,0.0498,0.0051,0.0128,0.0008,0.0012,0.0196,0.0029,0.0009,0.0007,0,0.064,0.1003,0.0031,0.0006,0.0002,0.0088,0.0012,0,0.0006,0.0038,0.0001,0.0009,0.0032,0.0105,0.0194,0.007,0.005,0.0004,0.0019,0.004,0.001,0.0032,0.2201,0.0014,0.0138,0.002,0.0151,0.0024,0,0.0026,0.3688,0.0117,0.0001,0.024
193,11/19/2016,0.0023,0.0025,0.054,0.0047,0.0149,0.001,0.0008,0.0174,0.003,0.001,0.001,0,0.0335,0.1139,0.007,0.001,0.0001,0.011,0.0015,0,0.0003,0.0033,0,0.0016,0.0064,0.0194,0.0268,0.0082,0.0033,0.0003,0.0022,0.0036,0.0013,0.0057,0.2096,0.0006,0.013,0.0022,0.0109,0.0057,0.0003,0.0021,0.3747,0.0124,0,0.0155
194,11/26/2016,0.0022,0.0026,0.0477,0.0042,0.0119,0.0006,0.0017,0.0166,0.0038,0.0008,0.0006,0.0003,0.045,0.116,0.0022,0.0007,0.0002,0.0183,0.0001,0.0003,0.0001,0.0033,0.0002,0.0015,0.0043,0.0174,0.0472,0.0075,0.0055,0.0019,0.0017,0.0046,0.001,0.0058,0.2236,0.0004,0.0131,0.0015,0.0123,0.003,0.0001,0.0027,0.336,0.012,0.0012,0.0163
195,12/3/2016,0.0035,0.0025,0.0428,0.0056,0.0072,0.0015,0.0019,0.025,0.0039,0.0006,0.0008,0.0001,0.0555,0.1158,0.0026,0.0007,0.0005,0.0131,0.0005,0,0.0002,0.0053,0,0.0012,0.0033,0.0187,0.0461,0.007,0.0045,0.0008,0.0013,0.0039,0.0015,0.0032,0.2066,0.0007,0.0131,0.0011,0.0135,0.003,0.0001,0.0034,0.3505,0.0096,0.0011,0.0161
196,12/10/2016,0.0035,0.0021,0.0416,0.0033,0.0088,0.0038,0.0011,0.0232,0.0045,0.001,0.0003,0.0004,0.0389,0.1177,0.0044,0.0004,0.0002,0.0092,0.0003,0,0.0003,0.005,0.0001,0.0026,0.0036,0.0258,0.0615,0.005,0.0046,0.0016,0.0019,0.0158,0.0015,0.0052,0.2075,0.0002,0.0119,0.0011,0.0141,0.0016,0.0002,0.0027,0.3369,0.0093,0.0014,0.0138
197,12/17/2016,0.0023,0.0029,0.0477,0.0041,0.0083,0.001,0.0014,0.0131,0.0048,0.0012,0.0003,0,0.0495,0.1106,0.0038,0.0006,0.0003,0.0094,0.0003,0,0.0002,0.003,0.0001,0.0015,0.0027,0.0202,0.0442,0.0068,0.0048,0.0005,0.0016,0.0029,0.0012,0.0049,0.2442,0.0004,0.0115,0.0016,0.0131,0.0028,0.0001,0.0044,0.3451,0.0096,0.0002,0.011
198,12/24/2016,0.0017,0.0032,0.0455,0.0054,0.012,0.0022,0.0019,0.0189,0.0043,0.0011,0.0005,0,0.0496,0.1102,0.0031,0.0009,0.0001,0.0113,0,0,0,0.0034,0.0001,0.0003,0.0036,0.0259,0.0401,0.004,0.0069,0.0006,0.0016,0.0026,0.0006,0.0085,0.2463,0.0005,0.0148,0.0015,0.0102,0.003,0.0001,0.0032,0.3253,0.0125,0.0011,0.0115
199,12/31/2016,0.0024,0.0035,0.0278,0.006,0.0087,0.0047,0.0019,0.0159,0.005,0.0007,0.0002,0.0001,0.0436,0.0908,0.0068,0.0019,0.0002,0.0119,0.0005,0,0.0003,0.0027,0.0002,0.0008,0.0034,0.0298,0.0336,0.0042,0.0035,0.0007,0.0016,0.0031,0.0013,0.0025,0.3371,0.0012,0.0148,0.0012,0.0116,0.0027,0.0002,0.0041,0.2813,0.0131,0.0001,0.0123
200,1/7/2017,0.0023,0.0029,0.0382,0.007,0.011,0.0027,0.0021,0.0206,0.0038,0.002,0.0007,0.0001,0.0528,0.1423,0.0053,0.0004,0.0001,0.0192,0.0002,0.0002,0.0003,0.004,0.0001,0.0008,0.004,0.0331,0.0455,0.0082,0.0074,0.0009,0.0032,0.0046,0.0014,0.0031,0.1968,0.0008,0.0168,0.0029,0.0121,0.0049,0.0004,0.004,0.3021,0.0122,0.0022,0.0146
201,1/14/2017,0.0016,0.0022,0.0389,0.0039,0.013,0.0018,0.0015,0.0177,0.0061,0.0009,0.0019,0.0001,0.0435,0.1251,0.0031,0.001,0.0002,0.0165,0.0002,0.0001,0.0006,0.0023,0.0001,0.001,0.0036,0.0192,0.0412,0.0054,0.0059,0.0005,0.0013,0.0039,0.0012,0.0051,0.2304,0.0009,0.0136,0.0011,0.0196,0.0038,0.0004,0.0025,0.3317,0.0135,0.0009,0.0109
202,1/21/2017,0.0016,0.0019,0.0424,0.006,0.0109,0.001,0.0028,0.0187,0.006,0.001,0.0003,0.0004,0.0492,0.114,0.0041,0.0005,0.0003,0.0166,0.0005,0,0.0001,0.0026,0.0001,0.0009,0.0036,0.0114,0.0483,0.006,0.0097,0.0005,0.0022,0.0028,0.0019,0.0036,0.2413,0.003,0.0214,0.0021,0.0093,0.0034,0.0003,0.0036,0.3153,0.0137,0.0005,0.0139
203,1/28/2017,0.002,0.0019,0.0401,0.0049,0.0133,0.0011,0.0019,0.0046,0.007,0.0014,0.0002,0.0001,0.0412,0.1134,0.0013,0.0006,0.0002,0.0113,0.0002,0.0004,0.0004,0.0027,0.0006,0.0004,0.0034,0.0093,0.0441,0.0056,0.0083,0.0006,0.0037,0.0033,0.0009,0.0051,0.2516,0.002,0.0163,0.0007,0.0115,0.0039,0.0002,0.0034,0.3493,0.0131,0.0002,0.0121
204,2/4/2017,0.0016,0.0019,0.0361,0.0054,0.0112,0.001,0.0022,0.0097,0.0066,0.002,0.0004,0.0001,0.0542,0.1207,0.0057,0.0005,0.0001,0.0128,0.0007,0.0001,0.0003,0.0023,0.0004,0.0008,0.0032,0.0101,0.0534,0.0054,0.0064,0.0006,0.0042,0.0032,0.0014,0.0037,0.2403,0.0023,0.0126,0.0016,0.0119,0.0068,0.0003,0.0033,0.3218,0.0162,0.0003,0.014
205,2/11/2017,0.0024,0.0022,0.0377,0.0064,0.0155,0.001,0.0024,0.0353,0.0063,0.0011,0.0003,0.0005,0.0443,0.1091,0.0038,0.0006,0.0001,0.0108,0.0006,0.0001,0.0002,0.0029,0.0004,0.0008,0.0056,0.0126,0.0538,0.0071,0.005,0.0011,0.0018,0.0026,0.0012,0.0056,0.2467,0.0007,0.011,0.0027,0.0149,0.0031,0.0003,0.0041,0.2989,0.0227,0.0004,0.0135
206,2/18/2017,0.0016,0.0022,0.0329,0.0031,0.009,0.0009,0.0016,0.1952,0.0038,0.0014,0.0003,0.0001,0.0373,0.0807,0.0014,0.0003,0.0001,0.0088,0,0.0001,0.0003,0.0022,0.0009,0.0009,0.0048,0.0104,0.0485,0.0071,0.0051,0.001,0.0013,0.0023,0.0012,0.0035,0.2157,0.0008,0.0095,0.0008,0.0103,0.0026,0.0002,0.0026,0.2583,0.0194,0.0001,0.0096
207,2/25/2017,0.0006,0.0013,0.0286,0.0075,0.0072,0.0009,0.0012,0.2366,0.0047,0.0009,0.0006,0.0001,0.0501,0.0846,0.0021,0.0002,0.0001,0.0099,0.0003,0.0001,0.001,0.0025,0.0001,0.0004,0.0027,0.0101,0.0376,0.0038,0.0046,0.0005,0.0021,0.0025,0.0007,0.0031,0.2022,0.001,0.0106,0.0026,0.0123,0.0026,0.0001,0.0026,0.2286,0.0174,0.0006,0.0101
208,3/4/2017,0.002,0.0013,0.0293,0.0046,0.0083,0.0006,0.0018,0.2533,0.0052,0.0012,0.0002,0,0.0313,0.081,0.0032,0.0003,0.0002,0.0118,0.0001,0,0.0002,0.0031,0.0001,0.0003,0.0029,0.0142,0.057,0.0063,0.0062,0.0009,0.002,0.0023,0.0003,0.0031,0.1681,0.002,0.0109,0.0013,0.0112,0.0025,0.0001,0.0037,0.24,0.0133,0.0006,0.0114
209,3/11/2017,0.0013,0.0024,0.0287,0.0043,0.0111,0.0012,0.0016,0.2604,0.0075,0.0007,0.0002,0.0003,0.0343,0.0881,0.0024,0.0011,0.0003,0.0082,0.0001,0.0001,0,0.0025,0.0002,0.0004,0.0037,0.0082,0.0451,0.0053,0.0058,0.001,0.0013,0.0023,0.0006,0.0032,0.1742,0.0014,0.0105,0.0011,0.0148,0.0024,0.0001,0.0027,0.2316,0.0175,0.0001,0.0096
210,3/18/2017,0.0014,0.0018,0.0295,0.0039,0.0083,0.0009,0.0013,0.2707,0.0089,0.0008,0.0016,0.0002,0.0313,0.093,0.0034,0.0003,0.0001,0.0086,0.0005,0.0001,0.0002,0.0022,0.0001,0.0006,0.0034,0.0075,0.0437,0.0061,0.0059,0.0007,0.0008,0.0041,0.0007,0.0033,0.174,0.0011,0.0093,0.0006,0.0096,0.0021,0.0001,0.0031,0.2252,0.0174,0.0002,0.0114
211,3/25/2017,0.0005,0.002,0.0287,0.0023,0.0117,0.0009,0.0014,0.2593,0.0087,0.0008,0.0001,0.0005,0.0238,0.0965,0.0027,0.0004,0.0002,0.0116,0.0004,0,0.0001,0.002,0.0001,0.0006,0.0036,0.0075,0.0403,0.0048,0.0058,0.001,0.0018,0.0028,0.0006,0.0023,0.1816,0.0008,0.0093,0.0011,0.0115,0.0028,0,0.0028,0.236,0.0199,0.0001,0.0084
212,4/1/2017,0.0022,0.0016,0.0294,0.0036,0.0154,0.0007,0.0018,0.2233,0.0113,0.0009,0.0004,0.0003,0.024,0.099,0.0022,0.0004,0.0003,0.0084,0.0001,0,0.0001,0.002,0.0001,0.0014,0.0036,0.0077,0.0508,0.004,0.0064,0.0011,0.001,0.0032,0.0007,0.0034,0.188,0.0008,0.0112,0.001,0.0085,0.0028,0.0001,0.0036,0.2392,0.0225,0.0002,0.0111
213,4/8/2017,0.0019,0.0015,0.0337,0.0039,0.0118,0.0038,0.0019,0.207,0.0075,0.0008,0.0005,0.0003,0.0243,0.091,0.0038,0.0003,0.0002,0.009,0.0001,0.0001,0.0001,0.0028,0.0002,0.0005,0.0028,0.0079,0.0553,0.0035,0.0046,0.0008,0.0025,0.0032,0.0005,0.0029,0.1922,0.0011,0.0115,0.0016,0.0067,0.0039,0.0001,0.004,0.2493,0.0267,0.0008,0.0113
214,4/15/2017,0.001,0.001,0.0318,0.0036,0.0095,0.0004,0.0011,0.2273,0.005,0.0007,0.0001,0.0005,0.0374,0.0866,0.0081,0.0003,0.0001,0.0103,0.0002,0.0001,0.0001,0.0022,0.0002,0.0011,0.002,0.0074,0.0516,0.0037,0.0041,0.0006,0.0009,0.0041,0.0004,0.0018,0.1943,0.0034,0.0083,0.0015,0.0073,0.0039,0.0001,0.004,0.244,0.0181,0.0003,0.0092
215,4/22/2017,0.003,0.0018,0.0309,0.005,0.0126,0.0005,0.0012,0.2126,0.0072,0.0004,0.0004,0.0009,0.0309,0.0801,0.003,0.0006,0.0001,0.008,0.0003,0.0002,0.0005,0.0021,0.0001,0.0008,0.0043,0.006,0.0588,0.0048,0.0041,0.0009,0.0012,0.0033,0.0008,0.002,0.2028,0.001,0.0088,0.001,0.0095,0.0026,0.0001,0.0046,0.2483,0.0228,0.0003,0.0089
216,4/29/2017,0.003,0.0014,0.0335,0.0059,0.0106,0.0004,0.0017,0.228,0.0081,0.0007,0.0003,0.0008,0.0291,0.0937,0.0047,0.0003,0.0002,0.0087,0.0002,0.0001,0.0001,0.0025,0.0002,0.001,0.0041,0.0052,0.0502,0.005,0.0047,0.0011,0.0007,0.0032,0.0007,0.0035,0.1943,0.0016,0.0113,0.0014,0.0081,0.0026,0.0001,0.0045,0.232,0.0214,0.0002,0.0087
217,5/6/2017,0.0019,0.0018,0.0378,0.008,0.0125,0.0005,0.0016,0.1976,0.0094,0.0011,0.0001,0.0008,0.0278,0.1179,0.0027,0.0003,0.0001,0.01,0.0001,0.0001,0.0001,0.0028,0,0.0001,0.0043,0.0073,0.0503,0.0065,0.0077,0.0015,0.0012,0.0039,0.0005,0.0021,0.1936,0.0012,0.0089,0.0037,0.0095,0.004,0.0002,0.006,0.2207,0.022,0.0002,0.0096
218,5/13/2017,0.0018,0.0017,0.0309,0.0098,0.012,0.0004,0.0012,0.2478,0.0128,0.0005,0.0002,0.0005,0.0319,0.1125,0.0032,0.0002,0.0001,0.0096,0.0001,0,0.0001,0.003,0.0002,0.0007,0.005,0.0073,0.0427,0.0061,0.0088,0.0022,0.001,0.0038,0.0008,0.0026,0.1791,0.0012,0.0087,0.0019,0.0096,0.0017,0.0001,0.0037,0.2014,0.0216,0.0003,0.0089
219,5/20/2017,0.0017,0.0014,0.0305,0.0077,0.0104,0.0005,0.0011,0.206,0.0133,0.0005,0.0004,0.0004,0.0519,0.1139,0.004,0.0004,0.0002,0.0106,0.0001,0,0.0001,0.0036,0.0002,0.0014,0.0035,0.0099,0.0521,0.0055,0.0089,0.0011,0.0015,0.0029,0.0011,0.0029,0.1883,0.0013,0.0079,0.0015,0.0087,0.0023,0.0001,0.0052,0.1994,0.0242,0.0006,0.0105
220,5/27/2017,0.0012,0.0016,0.0319,0.0087,0.0096,0.0014,0.0012,0.2369,0.0119,0.0007,0.0022,0.0007,0.0377,0.158,0.0044,0.0008,0.0004,0.0134,0,0.0001,0.0001,0.0041,0.0001,0.0016,0.0029,0.0106,0.0424,0.0113,0.0094,0.0015,0.0009,0.0043,0.0009,0.0035,0.1685,0.0011,0.0115,0.003,0.0073,0.003,0.0001,0.0058,0.1546,0.0184,0.0006,0.0098
221,6/3/2017,0.0022,0.0021,0.0295,0.0111,0.0125,0.0006,0.0015,0.1907,0.0133,0.0005,0.0015,0.0012,0.0442,0.1191,0.0041,0.0004,0.0004,0.0147,0,0.0001,0.0005,0.0049,0.0002,0.0007,0.0051,0.0095,0.0482,0.0115,0.0092,0.0014,0.0011,0.0036,0.0011,0.0037,0.1904,0.001,0.0165,0.002,0.0077,0.0033,0.0001,0.0051,0.1797,0.0288,0.0003,0.0148
222,6/10/2017,0.0024,0.0024,0.0333,0.0093,0.0124,0.0009,0.0015,0.1215,0.014,0.0007,0.0013,0.0006,0.039,0.1488,0.0059,0.0019,0.0004,0.0133,0.0001,0,0.0001,0.0045,0.0002,0.0021,0.003,0.011,0.0514,0.0082,0.0107,0.0021,0.002,0.007,0.0012,0.0045,0.2096,0.0018,0.0108,0.0012,0.0089,0.0024,0.0001,0.008,0.1934,0.0274,0.0002,0.0184
223,6/17/2017,0.003,0.0031,0.0272,0.0042,0.0098,0.0009,0.0021,0.1131,0.0137,0.0005,0.0006,0.0006,0.0362,0.1524,0.0063,0.0002,0.0003,0.015,0.0001,0.0004,0.0001,0.0044,0.0006,0.0014,0.0026,0.0118,0.0556,0.0195,0.0133,0.0017,0.0015,0.0048,0.0014,0.0035,0.2165,0.0021,0.0104,0.0023,0.0087,0.0036,0.0002,0.0056,0.1921,0.0309,0.0002,0.0154
224,6/24/2017,0.0042,0.0022,0.029,0.004,0.0093,0.0014,0.0013,0.0877,0.014,0.0006,0.0005,0.0002,0.0359,0.1273,0.0055,0.0009,0.0002,0.0138,0.0001,0.0002,0.0012,0.0041,0.0006,0.004,0.0037,0.0082,0.0658,0.0113,0.0116,0.0014,0.0016,0.006,0.0017,0.0032,0.2273,0.0024,0.0113,0.0013,0.0132,0.0047,0.0001,0.0077,0.2151,0.0311,0.0013,0.0217
225,7/1/2017,0.0029,0.0027,0.0367,0.0034,0.0088,0.0016,0.0016,0.0859,0.0152,0.0006,0.0006,0.0004,0.0358,0.1466,0.0045,0.0014,0.0005,0.0129,0,0.0001,0.0001,0.0045,0.0004,0.0059,0.0047,0.0085,0.0622,0.0121,0.008,0.0019,0.0032,0.0035,0.0012,0.003,0.2251,0.0012,0.0107,0.0007,0.0087,0.0034,0.0003,0.0067,0.2154,0.0306,0.0005,0.0154
226,7/8/2017,0.0023,0.0022,0.0323,0.0055,0.0097,0.001,0.0013,0.0823,0.0137,0.0007,0.0007,0.0008,0.041,0.1392,0.0031,0.0006,0.0004,0.0119,0.0003,0.0001,0.0004,0.0046,0.0006,0.0028,0.0045,0.0081,0.0736,0.0069,0.0074,0.0022,0.0017,0.0042,0.001,0.0036,0.2299,0.0021,0.0118,0.0018,0.0101,0.0035,0.0006,0.0077,0.2107,0.0351,0.0006,0.0155
227,7/15/2017,0.0019,0.0023,0.0358,0.0033,0.0085,0.0006,0.0021,0.0852,0.0154,0.001,0.0005,0.0007,0.0601,0.1362,0.0038,0.0004,0.0002,0.0141,0,0.0001,0.0003,0.0054,0.0005,0.0026,0.0052,0.0086,0.069,0.0083,0.011,0.0021,0.003,0.0052,0.001,0.0036,0.1978,0.0025,0.012,0.0022,0.0103,0.0026,0.0011,0.0078,0.219,0.0339,0.0003,0.0126
228,7/22/2017,0.0034,0.0023,0.0358,0.004,0.0087,0.001,0.002,0.0687,0.0184,0.0009,0.0004,0.0008,0.0434,0.1446,0.0035,0.0006,0.0004,0.0136,0.0002,0.0001,0.0007,0.0057,0.0007,0.0033,0.0032,0.0081,0.0775,0.0087,0.0088,0.0025,0.002,0.0072,0.001,0.003,0.2078,0.0015,0.0104,0.0023,0.0079,0.0028,0.0006,0.0072,0.227,0.0299,0.0002,0.0172
229,7/29/2017,0.0027,0.0016,0.0304,0.0043,0.0097,0.0013,0.0018,0.0708,0.0169,0.0006,0.0038,0.0006,0.0438,0.1288,0.0042,0.001,0.0002,0.0127,0.0004,0.0002,0.0001,0.0059,0.0009,0.0013,0.0039,0.007,0.0784,0.0066,0.0104,0.002,0.0019,0.0066,0.0011,0.0033,0.2348,0.002,0.0139,0.0016,0.0096,0.0028,0.0005,0.0071,0.2143,0.0336,0.0002,0.0143
230,8/5/2017,0.0026,0.0011,0.0204,0.0033,0.0059,0.0007,0.0019,0.0674,0.0084,0.0005,0.0003,0.0006,0.0272,0.1826,0.0026,0.0017,0.0002,0.0102,0.0001,0.0001,0.0002,0.0033,0.0004,0.001,0.002,0.005,0.1065,0.0042,0.0087,0.0017,0.0009,0.0059,0.0001,0.003,0.3067,0.0017,0.0159,0.0005,0.0105,0.0036,0.0005,0.0091,0.13,0.0237,0.0002,0.0169
231,8/12/2017,0.0054,0.0025,0.0294,0.005,0.0067,0.0008,0.0016,0.0667,0.0139,0.0008,0.0007,0.0008,0.069,0.1562,0.0076,0.0006,0.0002,0.0152,0.0001,0.0001,0.0004,0.0037,0.0006,0.0019,0.0029,0.0111,0.0648,0.0094,0.0105,0.0029,0.0022,0.0089,0.0011,0.0046,0.2207,0.0011,0.0125,0.0031,0.0086,0.0014,0.0008,0.008,0.1892,0.0318,0.0004,0.0141
232,8/19/2017,0.0051,0.0017,0.0331,0.0285,0.0081,0.0012,0.0015,0.0594,0.0149,0.0005,0.0004,0.0008,0.0425,0.1491,0.015,0.0006,0.0002,0.0118,0,0.0005,0.0008,0.0066,0.0007,0.0014,0.0025,0.0124,0.0587,0.0126,0.0119,0.0023,0.0022,0.0078,0.0006,0.0043,0.2214,0.0021,0.0125,0.0035,0.0099,0.0032,0.0005,0.0084,0.1906,0.0299,0.0001,0.0182
233,8/26/2017,0.0031,0.0013,0.0392,0.0515,0.0068,0.0006,0.002,0.0557,0.0184,0.001,0.0002,0.0009,0.0477,0.1203,0.0109,0.0008,0.0003,0.0103,0.0002,0.0004,0.0002,0.0074,0.0009,0.0015,0.0035,0.0123,0.0665,0.0091,0.0098,0.0033,0.0025,0.008,0.0007,0.0031,0.2294,0.0027,0.0107,0.0011,0.0149,0.0032,0.0004,0.0065,0.1838,0.0312,0.0004,0.0152
234,9/2/2017,0.0052,0.002,0.0297,0.015,0.0083,0.0013,0.0023,0.0659,0.0178,0.0003,0.0007,0.0008,0.0419,0.1267,0.0169,0.0004,0.0001,0.0152,0.0003,0.0011,0.0002,0.0088,0.0008,0.0011,0.0038,0.0113,0.0569,0.0118,0.0127,0.0042,0.0021,0.007,0.0005,0.0045,0.2422,0.0037,0.0144,0.0027,0.0097,0.0029,0.0005,0.0093,0.1841,0.0321,0.0005,0.0202
235,9/9/2017,0.0054,0.0018,0.027,0.0041,0.0077,0.0015,0.0024,0.1051,0.0155,0.0004,0.0003,0.0011,0.0559,0.1175,0.0087,0.0004,0.0003,0.0183,0.0002,0.0006,0.0001,0.0063,0.0007,0.0015,0.0035,0.0168,0.0589,0.0091,0.0113,0.0027,0.0017,0.0083,0.0008,0.0029,0.2515,0.002,0.0098,0.0038,0.0127,0.0033,0.0007,0.0066,0.1567,0.0318,0.0006,0.0217
236,9/16/2017,0.0071,0.0015,0.0291,0.0039,0.0064,0.0019,0.0014,0.2044,0.0144,0.0001,0.0001,0.0007,0.0309,0.1105,0.0084,0.0005,0.0002,0.0164,0,0.0004,0.0003,0.0065,0.0002,0.0023,0.003,0.0207,0.0553,0.007,0.0159,0.0031,0.0013,0.0067,0.0004,0.0018,0.2233,0.0021,0.0086,0.0032,0.0144,0.0021,0.0003,0.0057,0.1378,0.0269,0.0002,0.0125
237,9/23/2017,0.0042,0.001,0.025,0.0043,0.0074,0.0023,0.0008,0.3172,0.0105,0.0003,0.0001,0.0005,0.0329,0.0893,0.0059,0.0001,0.0002,0.0124,0.0002,0.0006,0.0002,0.0042,0.0006,0.0013,0.0029,0.0117,0.0499,0.0065,0.0117,0.0011,0.0008,0.0063,0.0011,0.002,0.1811,0.0023,0.0088,0.0016,0.0062,0.0028,0.0002,0.005,0.1391,0.0219,0.0002,0.0153
238,9/30/2017,0.0044,0.0013,0.0248,0.0056,0.0079,0.0016,0.0012,0.2378,0.0161,0.0003,0.0002,0.0008,0.0474,0.0919,0.0059,0.0002,0.0002,0.0109,0.0006,0.0002,0.0001,0.0046,0.0003,0.001,0.0036,0.0105,0.0582,0.004,0.0095,0.0021,0.0016,0.006,0.0014,0.0018,0.1988,0.002,0.0109,0.002,0.0079,0.0039,0.0003,0.0064,0.1634,0.0279,0.0004,0.0121
239,10/7/2017,0.007,0.0021,0.0253,0.0051,0.009,0.0012,0.0032,0.1755,0.0158,0.0002,0.0001,0.0005,0.044,0.0997,0.0072,0.0002,0.0003,0.0139,0,0.0006,0,0.0052,0.0006,0.0023,0.003,0.0107,0.0712,0.0044,0.0083,0.0016,0.0018,0.0082,0.0014,0.0027,0.2086,0.0021,0.0115,0.0031,0.0099,0.0042,0.0003,0.0089,0.1671,0.0319,0.0012,0.0189
240,10/14/2017,0.0086,0.0019,0.0329,0.0063,0.0071,0.0007,0.002,0.2083,0.019,0.0005,0.0003,0.0009,0.0493,0.0993,0.0087,0.0002,0.0002,0.0157,0,0.001,0.0001,0.006,0.0005,0.0009,0.0025,0.0105,0.0569,0.0055,0.0096,0.0019,0.0014,0.0089,0.0013,0.0034,0.2117,0.003,0.0088,0.0031,0.0115,0.0036,0.0003,0.008,0.1364,0.0245,0.0008,0.016
241,10/21/2017,0.0055,0.0012,0.0277,0.0097,0.0062,0.0014,0.0019,0.2037,0.0138,0.0003,0.0008,0.0008,0.0428,0.0996,0.0042,0.0005,0.0001,0.0145,0.0001,0.0007,0.0002,0.0059,0.0009,0.0023,0.0028,0.0089,0.0599,0.0105,0.0141,0.0023,0.0011,0.0075,0.0017,0.003,0.2069,0.0027,0.009,0.0032,0.0111,0.0023,0.0004,0.0071,0.1531,0.0334,0.0003,0.0138
