Index,Date,BTCAED,BTCARS,BTCAUD,BTCBRL,BTCCAD,BTCCHF,BTCCLP,BTCCNY,BTCCOP,BTCCZK,BTCDKK,BTCDOP,BTCEUR,BTCGBP,BTCHKD,BTCHRK,BTCHUF,BTCINR,BTCIDR,BTCIRR,BTCJPY,BTCKES,BTCKZT,BTCMAD,BTCMXN,BTCMYR,BTCNGN,BTCNOK,BTCNZD,BTCPEN,BTCPHP,BTCPKR,BTCPLN,BTCRON,BTCRUB,BTCSAR,BTCSEK,BTCSGD,BTCTHB,BTCTRY,BTCTZS,BTCUAH,BTCUSD,BTCVEF,BTCVND,BTCZAR
1,3/9/2013,,,50.94,,51.44,,,,,,,,37.46,31.76,,,,,,,,,,,603.27,,,256,62.06,,,,,198.41,,,344.12,,,,,,52.19,,,
2,3/16/2013,,,60.62,133.14,69.87,,,,,,,,52.07,41.16,,,,4115.39,,,,,,,868.2,,,398.01,84.5,,,,,203,,,494.15,106.12,,,,,63.58,,,
3,3/23/2013,,,80.65,160.98,92.64,,,,,,,,68.99,61.8,,,,4948.16,,,,,,,992.8,,,662.83,106.93,,,,,400.8,2832.86,,563.29,144.9,2059.33,,,,90.29,,,
4,3/30/2013,,,122.66,188.82,132.13,,,,,,,,95.33,87.01,851.34,,,8006.05,,,,,,,1563,,,927.65,129.37,,4430.24,,,463.41,3197.42,,850.36,155.92,4088.62,,,,121.56,,,
5,4/6/2013,,,162.14,216.66,186.08,218.91,,,,5955.24,,,235.57,118.69,836.76,1264.63,,11917.58,,,,,,,2558.02,,,1192.48,226.07,,7724.57,,,797.62,7515,,1358.03,166.94,5198.02,,,,160.46,,,
6,4/13/2013,,598.2,97.5,244.5,106.77,77.32,,,,3069.7,769.73,,75.47,64.37,822.18,1067.61,,9997.44,,,,,,,2071.09,,,553.2,143.44,,6435.07,,,247.03,7134.73,,619.8,177.96,4606.6,,,,118.54,,,
7,4/20/2013,,881.77,136.21,250.47,147.4,148.43,,,,2459.11,741.77,,109.65,88.5,1234.66,870.59,,6463.44,,,,,,,1584.16,,,870.45,167.99,,5145.57,,,425.18,6754.45,,1491.68,188.98,4015.19,,,,148.47,,,
8,4/27/2013,,901.05,130.63,256.43,164.48,132.19,,,,2479.58,713.81,,98.52,80.82,1080.43,870.59,,6147.47,,,,,,,1329.38,,,723.71,175.8,,4970.06,,,603.33,6374.18,,1004.39,200,3867.76,,,,127.68,,,
9,5/4/2013,,712.35,114.48,262.4,121.91,116.91,,,,2520.51,685.84,,91.3,77.17,1025.5,786.08,,6810.67,,,,,,,1551.87,,,687.36,154.7,,4794.56,,,385.56,5993.9,,807.57,196.82,4296.36,,,,134.75,,,
10,5/11/2013,,975.78,120.75,268.37,118.5,120.64,,,,2520.51,679.41,,90.16,74.6,1026.97,701.56,,7807.69,1179266.67,,,,,,1427.74,,,708.49,163.55,,4619.05,,,378.11,5613.63,,865.03,193.64,3793.32,,,,124.19,,,
11,5/18/2013,,1034.58,126.05,274.33,128.33,129.08,,,,3323.05,672.98,,93.81,79.68,1028.44,715.38,,7998.5,1274509.68,,,,,,1505.5,,,755.05,164.13,,5135.66,,,551.65,5233.35,,986.29,190.45,3290.28,,,,131.18,,,1352.31
12,5/25/2013,,1052.36,135.33,300,137.05,131.77,,,,2713.73,666.54,,100.76,85.56,981.67,729.19,,7699.23,1248902.21,,,,,,1566.5,,,783.88,182.07,,5347.71,,,463.39,4853.08,,911.9,187.27,4027.06,,,,131.95,,,1363.66
13,6/1/2013,,943.11,126.67,279.39,128.85,128.19,,,,2504.75,660.11,,94.27,79.35,1032.28,743,,7501.52,1223294.74,,,,,,1627.5,,,731.02,146.75,,4778.45,,,375.13,4472.8,,869.8,172.32,3303.79,,,,120.46,,,1168.85
14,6/8/2013,,880.01,118.89,241.57,119.58,105.26,,,,2213.33,653.67,,85.53,72.31,898.16,756.82,,7303.82,1197687.28,,,,,,1575.39,,,637.32,111.43,,4831.4,,,458.72,4092.53,,775.7,157.36,2989.64,,,,112.42,,,1104.3
15,6/15/2013,,816.92,122.06,223.26,113.04,97.71,,,,2308.97,647.24,,82.78,71.66,835.28,671.05,,6442.08,1172079.81,,,,,,1523.28,,,682.94,134.58,,4000,,,406.23,3712.25,,758.42,142.41,2968.05,,,,116,,,1198.16
16,6/22/2013,,757.53,116.69,204.96,115.83,90.15,,,,2049.59,640.81,,80.49,68.14,846.75,671.05,,5764,1205273.21,,,,,,1654,400,,659.2,157.73,,4000,,370.37,353.75,3331.98,,752.91,127.45,2861.75,,,,107.52,,,1108.26
17,6/29/2013,362.67,666.35,100.18,186.65,104.09,82.6,,,,1858.13,634.37,,70.77,57.72,703.05,499.5,,6076.19,1238466.6,,,,,,1444.44,397.12,,555.7,139.92,,3645.99,,351.1,332.42,2951.7,,499.1,112.5,2595.69,,,,90,,,860.29
18,7/6/2013,372.71,714.37,96.1,198.1,100.55,81.85,,,147973.01,1873.37,627.94,,64.53,56.41,567.63,447.01,,5719.38,1271660,,,,,,1300,394.25,,508.73,120.92,,3770.3,,331.82,339.66,2972.46,,596.46,125.63,2597.78,,,,89.78,,,989.49
19,7/13/2013,382.75,831.51,105.71,248.13,110.64,88.24,,,160471.48,2007.21,621.5,,71.22,64.78,764.43,507.16,,6177.36,1287297.75,,,,,,1298.64,391.37,,589.2,131.23,,3894.62,,312.55,284.14,2993.22,,685.64,138.75,2823.93,,,,102.15,,,988.72
20,7/20/2013,392.79,817.91,99.44,235.88,107.88,94.63,,,172969.96,1660.46,615.07,,72.64,62.68,594.4,567.31,,6537.5,1302935.5,,,,,,1270.52,388.49,,576.1,131.71,,3800,,315.87,262.17,2869.62,,674.03,151.88,2779.17,,,,100.76,,,982.69
21,7/27/2013,402.83,860.99,110.37,256.59,113.05,101.03,,,185468.43,1999.89,608.63,,75.65,65.93,759.11,594.84,,6958.62,1318573.25,,,,,,1342.62,385.61,,642.15,143.58,,4170,,349.1,319.34,3130.41,,747.34,165,3063.92,,,,106.97,,,1172.11
22,8/3/2013,412.88,868.85,117.69,243.08,109.75,107.42,,,197966.91,1949.89,602.2,,76.05,66.94,867.81,622.36,,6205.94,1334211,,11770,,,,1295.24,382.74,,638.76,146.89,,4413.24,,355.35,376.5,3171.52,,713.01,156.25,2936.15,,,,105.83,,,1165.18
23,8/10/2013,422.92,847.85,116.97,238.07,110.41,104.22,,,210465.38,1945.89,582.35,,75.02,66.6,963.46,658.78,26448,6580.51,1349848.75,,11164.52,,,,1428.42,379.86,,642.13,137.63,,4656.49,,363.76,366.67,3526.72,,704.74,145.89,3103.54,,,,108.03,,,1130.6
24,8/17/2013,432.96,934.15,125.67,268.82,117.7,110.5,55194.6,522.13,222963.86,2240.46,631.59,,82.19,72.01,935.97,696.2,27351.3,6533.8,1365486.5,,11714.44,,,,1517.75,376.98,,716.29,145.91,,4000,,355.16,355.4,3881.92,,788.97,165.75,3400.62,,,956,115.14,,,1235.21
25,8/24/2013,443,1032.79,133.49,320.59,123.48,114.2,60464.26,577.86,235462.33,2380.39,680.83,,88.77,79.59,977.03,765.29,28254.6,8655.2,1381124.25,,12264.36,,,,1660.63,412.38,,787.43,162.26,,5231.01,,393.35,437.16,4072.44,,844.17,182.93,3653.87,256,,958.8,126.49,,,1345.21
26,8/31/2013,455,1183.65,141.55,346.74,135.85,129.08,65733.91,633.59,237318.55,2573.08,804.42,,97.85,83.84,1018.09,758.33,28290.92,8658.69,1396762,,12814.29,,,,1713.16,469.32,,878.15,182.42,,5461.83,,421.09,396.4,4262.95,,989.62,217.39,3769.21,271.05,,961.6,134,,,1346.62
27,9/7/2013,467,1078.81,133.55,316.43,134.67,124.52,71003.57,689.33,238973.44,2549.41,754.36,,94.74,80.34,1003.59,800,29116.67,8869.84,1412399.75,,13364.21,,,,1706.02,451.21,21026.32,827.09,172.05,,5614.84,,423.21,382.37,4223.59,,870.93,191.33,3681.76,257.8,,964.4,134.12,,,1201.92
28,9/14/2013,479,1061.72,139.22,322,134.01,125.97,73141.82,745.06,240628.32,2501.7,756.25,,96.17,79.87,1019.34,801.96,29599.22,8235.91,1428037.5,,13914.13,,,,1602.56,433.11,21083.76,819.84,176.05,,5392.34,,416.26,425.09,4184.23,,875.06,165.28,3707.62,250,,967.2,136.58,,,1218.7
29,9/21/2013,504.5,1076.63,135.75,309.82,131.39,125.71,75280.06,800.79,242283.21,2489.58,745.4,,94.19,83.42,939.29,797.37,28918.23,7681.21,1443675.25,,14515.11,,,,1569.68,415,21366.67,823.79,173.11,,5270.31,,406.17,358.32,4136.71,,828.02,167.74,3748.14,254.37,,970,132.91,,,1251.83
30,9/28/2013,530,1134.72,140.63,326.27,129.22,128.08,134410.11,856.52,243938.1,2506.22,722,,94.25,81.42,971.05,815.38,27445.73,8308.17,1459313,,15116.08,,,,1579.13,429.29,21557.02,857.64,170.16,,5387,,419.92,368.04,3895.59,,830.64,164.62,3683.63,258.74,,1334.38,131.94,,,1230.61
31,10/5/2013,722.6,1075.02,142.41,322.35,139.11,124.27,163168.89,881.46,275879.05,2482.04,763.95,,95.01,80.14,1019.81,878.79,28383.53,7381.18,1542936.5,,15717.06,,,,1650.33,448.32,21747.37,856.21,171.59,,5273.39,,363.61,407.7,3922.29,,856.17,161.05,3775.47,268.8,,1698.75,133.49,6133.33,,1272.06
32,10/12/2013,915.2,1304.93,156.31,341.93,146.08,136.05,137553.33,906.4,307820,2796.29,900.39,,104.32,92.23,1249.5,942.19,29298.77,8118.99,1626560,,16318.03,,,,1832.2,480.69,25408.33,941.98,195.47,,6007.57,,492.27,407.72,4564.24,,950.5,184.8,4435.33,276.92,,2063.13,153.1,6500,,1460.06
33,10/19/2013,1107.8,1740,201.82,431.63,198.05,184.67,111937.78,1074.69,305551.92,3457.78,1036.83,,133.52,119.87,1532.42,1130.27,38454.97,10229.82,1959321,,21384.04,,,,2489.83,633.81,34084.72,1180.15,217.26,,8564.32,,525.66,560.76,5572.7,,1209.9,228.95,5538.14,574.1,,2427.5,196.58,7926.33,,1922.95
34,10/26/2013,1300.4,1907.97,215.32,480.83,220.69,185.56,117309.35,1284.6,350109.17,3819.41,1173.28,,142.54,129.79,1594.7,1252.56,41515.41,11284.38,2292082,,21738.72,,,,2658.13,599.42,42761.11,1248.63,246.5,,8464.8,,659.97,561.13,6115.79,,1301.28,245.53,5804.12,871.28,,2791.88,215.06,9352.67,,2128.35
35,11/2/2013,1493,2538.43,284.77,691.82,309.74,244.87,169960.44,1542.49,596097.11,4842.23,1506.73,,183.76,186.33,2467.98,1701.29,59332.2,18474.65,2700927.7,,28460.06,,,,3806.72,914.81,51437.5,1633.07,337.7,,11003.2,,917.55,911.67,7487.27,,1729.13,311.7,7920.75,1168.46,,3156.25,284.98,10779,,3022.09
36,11/9/2013,1949.62,3767.03,422.42,1023.73,432.17,318.52,196884.27,2454.73,850732.09,7854.31,2172.44,,267.68,257.63,3013.3,2495.38,89421.79,26353.24,4571806.6,,48129.63,,,,5360.35,1369,56850,2305.4,489.36,,16952.79,,1080.09,1213.89,11677.29,,2684.21,494.66,12148.89,1465.64,,3520.63,408.76,18164.5,,3998.53
37,11/16/2013,2406.23,6493.59,675,1539.44,707.53,545.4,359886.59,3226.43,1261457.46,10000.96,3121.98,,427.08,441.84,5033.75,3220.09,139572.46,43888.6,6442685.5,,68034.15,48988.89,,,8894.54,2153.8,92200.74,3823.71,826.95,,28195.19,,1743.24,1955.16,19988.5,,4188.18,910.09,21254.47,1762.82,,3885,693.29,25550,,6575.22
38,11/23/2013,2862.85,9355.24,1104.68,2387.23,1100.96,851.11,581419.17,6057.9,1882794.19,21336.67,6418.47,,680.09,672.85,7994,7055,209051.25,64263.09,10414623.42,,128375.09,92009.09,,7000,14559.08,3302.47,127551.48,6222.08,1284.38,,41987.35,,3126.78,2992.87,27092.79,,6573.34,1177.43,30175.89,2060,,4249.38,1006.82,59393.55,,11829.51
39,11/30/2013,3319.46,10055.48,1204.55,2762.37,1095.35,1020.28,544046.55,5551.54,2145032.15,21241.62,6055.63,,795.86,619.6,7816.05,6356.31,239308.7,69372.37,11711919,,119663.81,77804.55,,6933.33,14152.81,3737.36,162902.22,6802.35,1402.11,,49070.57,,3138.63,3192.05,37007.5,,6557.85,1425,31854.79,2169.51,,4613.75,1044.06,47750,,11934.61
40,12/7/2013,3776.08,9121.14,1046.7,2336.88,973.05,818.76,482363.43,6102.78,1715778.87,18499.38,5655.56,,679.68,551.45,7205.55,5657.62,200467.59,59445.99,10627093.75,,107336.01,63600,,6866.67,11870.75,3314.76,98925,5052.41,1184.46,,42208.26,,2852.36,2784.4,31099.23,,6114.99,1121.8,27687.23,2279.01,,4978.13,954.45,48933.68,,10809.19
41,12/14/2013,3392.27,6928.43,813.26,1847.42,747.25,683.23,389276.5,3358.22,1410421.15,14156.96,4473.36,,512.76,423.98,5551.33,3832.41,119187.85,49308.25,6946880,,78256.53,62883.33,,6800,8932.3,2497.06,156612,4359.85,957.9,,31600.87,,2231.33,2405.36,24706.04,,4782.05,754.21,21932.27,1982.93,,5342.5,723.09,50117.35,,8438.53
42,12/21/2013,2763.39,7284,763.48,1846.56,815.8,660.75,389601.33,4006.93,1244557.02,13784.26,4600.26,,501.97,440.82,5339.78,4178.17,153017.95,46642.41,7427180,,84562.28,62166.67,,6733.33,8891.23,2299.59,114177.78,4063.67,932.12,,29814.89,,2064.95,2465.61,24772.28,,4649.56,876.79,21540.44,1686.84,,5706.88,740.94,51301.03,,8277.79
43,12/28/2013,3238.86,7426.07,878.28,2073.52,868.08,715.88,412439.1,4893.66,1465011.22,16094.03,4727.16,,476.72,476.83,6094.46,4553.33,151424.33,48137.94,8183198.05,,83429.12,61450,,6666.67,9960.65,2556.12,121394.13,4974.84,957,,33481.44,,2165.04,2361.68,25054.19,,5088.96,948.98,24535.77,1759.65,,6071.25,814.55,52484.7,,9110.78
44,1/4/2014,3714.32,8638.17,979.9,2289.48,939.37,830.49,474339.95,5327.21,1685465.43,18410.76,6045.73,,655.47,556.23,6901.57,5173.47,184043.96,54219.5,8939216.1,20147300,105280.51,71557.14,,6600,11131.33,2856.03,128610.48,5786.63,1140.93,,38758.91,,2527.12,2959.24,32635.24,3838,5946.53,1232.44,28004.83,2151.35,,6435.63,903.15,53668.38,,10476.29
45,1/11/2014,3156.47,9105.71,949.72,2189.74,911.3,814.11,441509.01,5102.12,1715595.18,17983.59,4946.15,,630.06,518.66,6589.88,5039.86,184416.49,52885.9,9695234.15,19405391.85,111039.08,56005,,6533.33,10799.02,2695.42,135826.83,5475.99,1063.84,,36548.74,,2624.64,2773.35,28589.24,3313.17,5637.54,1100.33,25804.4,1980,,6800,873.29,54852.05,,10181.6
46,1/18/2014,3200,9976.85,950.81,2054.86,897.57,788.94,457783.71,5100,1683948.04,17260.8,5226.53,,624.51,513.85,6622.08,5008.08,168528.57,49938.07,9574307.07,18663483.71,83325.86,57717.57,,6466.67,10924.37,2708.72,133206.25,5414.58,1014.97,,36963.11,,2466.02,2697.9,28675.51,3752.38,5560.28,1120.32,25888,1926.98,,6575,872.14,56035.73,,10113.23
47,1/25/2014,3109.97,9526.72,932.95,1922.21,900.12,773.69,446510.48,5124.62,1675862.38,16709.88,4804.62,,612,502.32,6424.19,4692.35,181887.06,50838.65,9453380,17921575.56,85399.82,65591.18,,6400,10687.17,2786.5,130585.67,5534.48,998.39,,36781.84,,2447.29,2577.23,26522.68,3547.37,5521.14,1127.03,25305.04,1873.96,,6350,856.28,57219.4,,10147.8
48,2/1/2014,3055.83,9526.58,896.25,1936.21,882.14,770.17,441333.08,4932.88,1692430.03,16418.09,4755.83,34575.36,638.27,489.86,6035.76,4630,181461.58,48967.2,8420948.25,17179667.42,101251.74,69466.67,,6333.33,10371.19,2588.32,127965.08,5164.05,960.5,,34090.69,,2519.08,2498.92,26626.1,3061.97,5298.1,1090.24,24231,1880.79,,5935,858.88,59565.55,,9986.11
49,2/8/2014,2730.02,8109.84,771.24,1809.23,790.4,643.71,366995.01,4281.22,1433589.72,13926.36,4192.78,32725.81,548.54,424.8,5306.69,3791.62,165714.95,42080.47,7388516.49,16437759.27,87036.44,59420,,6266.67,8761.79,2286.49,125344.5,4665.47,854.96,,30351.81,,2161.45,2142.98,24175.98,2627.54,4433.38,956.18,21426.39,1600,,5520,751.27,55654.02,16102220.01,8784.54
50,2/15/2014,2372.5,6809.3,705.1,1574.06,722.13,596.16,345767.59,3771.14,1346157.54,13334.67,4798.73,30498.26,476.64,382.96,4876.49,3497.85,137390.32,39293.12,7597172.22,15380552.82,75318.71,56290,,6200,8526.27,2071.99,122723.92,4348.9,779.62,1933.33,28537.29,,1968.5,2020.68,21926.99,2732.64,4232.01,835.33,20076.53,1761.11,,5589.52,693.24,54082.35,15521368.03,7407.64
51,2/22/2014,2461.63,6475.94,641.24,1211.83,669.22,529.08,326591.33,3649.24,1207200.78,12863.95,3961.17,28270.71,428.81,355.5,4194.06,3652.56,129804.84,37826.69,7722410.42,15571736.38,85661.29,46875,,6133.33,7801.57,1850.41,120103.34,3474.7,706.87,2029.84,24316.57,64187.5,1722.18,1820.66,21290.2,2837.74,3845.54,756.58,17786.91,1680.56,,5659.05,642.04,45247.94,14940516.06,6829.42
52,3/1/2014,2550.77,6979.57,717.31,1403.52,734.21,603.29,362006.97,4023.42,1322066.75,12663.21,3792.77,28842.67,470.12,393.2,5000.8,3694.41,152712.12,40728.79,7847648.61,15762919.95,71891.05,53533.33,,6066.67,9232.38,2069.03,117482.76,4248.52,778.19,2126.34,27569.28,65108.33,1983.72,1839.74,22606.63,2942.83,4298.41,870.77,19453.7,1600,,5728.57,705.21,48779.64,14359664.09,7330.8
53,3/8/2014,2501.47,6541.18,698.07,1632.41,715.57,610.46,376434.95,4013.46,1370767.52,12819.03,4798.63,29414.63,467.88,388.11,5085.23,3706.91,142502.73,41140.46,7972886.81,15352999.4,82207.32,53920,,6000,9043.71,2056.05,115184.8,4099.64,765.16,2222.85,27982.28,66029.17,1990.7,1973.89,22302.35,2911.89,4307.33,867.66,19549.83,1457.86,,5830,681.94,51223.08,13778812.12,7408.25
54,3/15/2014,2298.83,6181.75,673.32,1562.69,695.16,576.72,370311.81,3804.87,1310492.03,12540.43,3685.47,27344.49,451.55,368.17,4808.56,3068.39,142833.33,37884.49,8098125,14943078.86,66837.14,54145.45,,6000,8367.53,1999.85,112886.85,3705,707.11,2319.35,26990.28,66950,1824.55,1902.61,21970.21,2880.94,3939.57,781.06,18634.95,1315.71,,5830.08,659.58,49000,13197960.15,6968.77
55,3/22/2014,2139.33,5729.5,617.98,1494,627.23,524.01,299148.35,3481.24,1146891.94,11117.62,3434.59,25274.34,425.67,339.99,4309.6,3407.83,114594.41,32540.06,7896557.78,13551252.33,63061.33,50025,,6000,8225.51,1814.1,110588.89,3622.23,648.4,1614.89,24351.92,65288.89,1619.27,1842.08,20688.03,2850,3654.7,847.58,16744.63,1371.64,,5830.16,601,46400,12617108.17,6403.86
56,3/29/2014,1645.67,4519.71,518.43,1208.91,522.28,450.72,260029.17,2931.09,938002.78,9401.53,2728.77,23204.19,364.31,287.43,3690.39,2761.01,111077.78,29236.42,7694990.56,12159425.81,55686.53,40661.11,,6000,6462.15,1525.05,104052.86,3047.99,545.19,1360,20782.95,63627.78,1393.78,1470.92,18079.1,2534.14,3081.21,592.69,14166.01,1235.82,,5830.25,506.75,40933.33,11549260,5681.69
57,4/5/2014,1583.3,4439.53,469.33,1183.23,514.11,422.01,249934.88,2862.37,892986.67,9393.05,2672.98,21134.04,338.66,271.11,3333.09,2605.32,95701.01,28670.71,7493423.33,10767599.28,52950.65,37525,,6000,5923.9,1432.86,97516.84,2757.5,502.84,1400,18784.91,61966.67,1325.87,1349.71,16645.25,2218.29,2942.66,549.38,13153.19,1100,,5341.67,486.06,35466.67,11519194.03,5057.58
58,4/12/2014,1520.94,4890.12,520.55,1232.25,585.19,448.47,276981.05,3013.17,1129307.3,9993.42,2556.97,21222.7,346.32,301.24,3873.28,2704.97,103448.89,31287.76,7291856.11,11027432.64,46011.45,43252.94,,5980,6639.33,1599.51,90980.81,2821,597.67,1440,19850.39,60305.56,1360.85,1610.49,18119.27,2369.03,3218.71,638.54,14713.87,1119.33,,5644.44,533.92,30000,11489128.05,5534.78
59,4/19/2014,1657.13,4771.2,536.45,1252.29,577.98,465.7,276032.58,3005.85,952899.49,9990.47,2817.05,21311.37,362.5,290.54,3742.45,2965.43,107795.21,30372.05,7090288.89,11287266,62815.96,42526.92,,5960,6648.17,1613.33,84444.78,3037.63,572.31,1480,21326.18,58644.44,1430.74,1548.16,17976.49,2721.43,3273.62,605.33,14803.45,1007.5,,5947.22,526.2,27388.8,11459062.08,5444.49
60,4/26/2014,1793.33,4573.92,482.1,1215.38,527.92,428.91,253666.81,2649.38,963259.15,8832.3,2466.49,21400.03,334.62,274.95,3515.82,2651.2,130807.96,29032.34,6888721.67,11547099.36,53500,39337.04,,5940,6154.26,1526.27,77908.75,2675.41,527.8,1521.43,19381.1,56983.33,1314.49,1441.22,16171.97,2300,3012.35,605.67,13763.76,1400,,6250,485.92,26609.75,11428996.11,5000.07
61,5/3/2014,1690.63,4491.06,475.56,1061.81,514.75,420.93,241283.33,2615.37,886196.85,8885.23,2466.22,21488.69,329.76,261.17,3481.06,2302.82,107063.49,27012.66,6687154.44,11806932.71,87733.33,37818.18,,5920,5930.07,1462.98,71372.73,2695.59,522.21,1344.44,19413.68,55322.22,1275.19,1392.32,15439.62,2200,3009.05,583.27,14037.29,1050,,6552.78,468.37,25421.25,11398930.14,4810.56
62,5/10/2014,1597.79,4497.89,477.34,1066.34,509.34,416.94,246782.98,2708.36,911161.51,8962.9,2543.69,21577.35,329.64,269.53,3479.42,2643.48,112716.02,26667.63,6485587.22,12066766.07,90690.91,35030.3,,5900,5892,1445.06,69866.67,2726.29,523.94,1482.57,18821.34,53661.11,1296.41,1421.35,15531.1,2100,2995.83,589.88,14076.14,1085.71,,6855.56,477.69,25595.67,11368864.16,4652.86
63,5/17/2014,1873.46,5263.7,532.73,1138.25,558.53,447.99,304646.59,3076.55,903295.3,10023.79,2771.1,21666.02,357.27,302.32,4021.08,3107.84,130053.13,30448.64,6284020,13424903.3,69032.08,46810,,5880,6562.03,1624.44,80371.21,3045.33,578.34,1773.05,20276.33,52000,1460.06,1557.22,17272.65,2185,3216.71,597.43,15223.45,1160.77,,7158.33,527.69,46950,12908484.42,5095.96
64,5/24/2014,2131.99,6161.32,642.63,1414.68,658.6,526.65,367950.42,3409.9,1128343.72,11882.02,3261.88,21754.68,422.31,351.38,4728.25,3438.62,142002.59,32742.86,6795357.14,14783040.52,73422.97,49250,,5860,7630.7,1859.33,90875.75,3600.15,694.87,1951.69,25006.86,58771.93,1682.45,1764.79,20167.61,2270,3872.39,764.34,18069.47,1235.82,,7461.11,629.8,38314.93,14448104.68,5336.38
65,5/31/2014,2373.93,7104.16,717.26,1634.89,741.15,580.73,352668.09,4010.27,1237004.6,12977.77,3622.25,21843.34,478.5,391.31,5067.64,3677.34,156400,37318.48,7151382.54,16141177.75,67080.38,56800,,5840,8699.06,2139.07,101380.29,4082.07,781.74,2130.33,27853.86,60873.04,1877.02,2055.86,22444.87,2504.41,4301.55,869.01,20747.86,1310.87,,7763.89,704.18,40714.32,15987724.94,6007.25
66,6/7/2014,2271.47,6939.5,690.21,1565.05,707.45,591.06,327872.83,3924.55,1207731.04,12584.23,3377.27,21932,475.79,378.43,4812.34,3563.94,158649.6,36334.32,7507407.94,17499314.98,60737.78,55920.59,,5820,8341.42,2096.05,91505.26,3833.29,755.41,2140.91,26135.32,62974.14,1764.23,1991.23,23025.72,2565,4322.05,835.8,19872.03,1385.92,,8066.67,681.93,43113.71,13327056.91,5927.11
67,6/14/2014,2357.14,7005.81,661.21,1577.83,667.66,563.31,317142.91,3537.86,1143030.08,12258.45,3458.31,22020.67,455.49,351.1,4445.05,3608.65,137425.84,35597.18,7863433.33,18156669.57,84246.99,52075,,5800,7902.47,2028.64,90719.7,3778.05,712.1,2117.65,24803.8,65075.25,1707.78,1900.85,21230.55,2557.5,4060.84,735.38,18404.24,1460.98,,8002.71,658.55,45513.11,10666388.89,6371.29
68,6/21/2014,2365.09,6689.5,644.26,1448.29,655.69,533.96,332073.87,3790.25,1118935.68,11944.33,3227.38,22109.33,438.75,342.02,4686.09,3433.42,153830.48,36088.13,7740363.06,18814024.16,64264.86,50954.79,,5780,7871.47,1962.25,86574.24,3586.06,692.79,2026.79,25761.01,67176.36,1667.5,1966.93,21000.84,2550,4135.1,773.6,18323.04,1537.01,,7938.75,638.74,47912.5,11278539.04,5930.75
69,6/28/2014,2327.43,7110.04,675.26,1475.05,695.9,560.53,355949.49,4063.38,1265163.41,13008.26,3565.33,22197.99,468.05,379.85,4898.55,3957.48,150326.11,37800.12,7617292.78,19471378.74,68964.13,53856,,5760,8413.12,2106.75,100229.93,3932.31,764.07,2271.79,26181.39,69277.46,1781.59,2048.05,22344.42,2537.61,4397.43,883.48,19871.37,1613.04,,7874.79,681.6,45889.45,11890689.18,6694.5
70,7/5/2014,2179.56,7325.46,669.16,1440.9,686.41,596.33,352151.89,3885.64,1245611.75,12576.86,3683.33,22286.65,470.04,372.57,4706.07,3810.12,144554.55,36858.49,7494222.51,20128733.33,67758.11,54519.35,,5740,8318.02,2018.28,101075,3948.21,733.14,2032.11,27321.79,71378.57,1811.32,1907.74,22562.43,2525.21,4376.33,865.46,19781.76,1618.18,,7810.83,668.79,47097.22,12502839.33,6904.04
71,7/12/2014,2254.84,7208.93,669.37,1480.2,701.96,596.75,348639.45,3937.24,1233250.77,12347.99,3619.77,22375.32,469.05,376.61,4679.76,3463.57,151130.14,38225.19,7371152.23,19773100,68395.53,54041.94,,5720,8280.92,2043.94,116850,3791.92,722.59,1996.06,27347.16,71296.43,1796.02,1980.16,22683.88,2549.31,4341.7,866.33,19289.18,1457.14,,7746.88,662.46,48305,13114989.47,6891.87
72,7/19/2014,2330.12,7280.83,661.86,1448.59,694.82,569.22,357149,3800.78,1153400.19,12310.6,3718,22463.98,466.27,367.68,4881.77,3771.76,148386.61,36338.96,7248081.96,19417466.67,67731.67,54238,,5700,8101.13,2012.86,96730.77,3895.5,713.55,2107.43,25858.82,71214.29,1801.1,1920.06,22428.01,2446.5,4346.34,760.83,18956.9,1440.26,,7682.92,657.57,42576.79,13727139.62,6812.12
73,7/26/2014,2184.33,7272.12,640.06,1388.21,677.04,555.59,332537.08,3526.52,1031096.73,11953.33,3489.27,22552.64,447.09,352.6,4655.74,3647.93,148576.07,35707.62,7125011.68,18867900,55226.14,51194.87,,5680,7811.2,1977.67,107234.38,3603.72,689.81,1916.35,24069.16,69553.68,1726.81,1935.02,21620.69,2343.7,4210.14,811.95,17962.61,1423.38,,7618.96,634.87,48496.15,14339289.77,6534.76
74,8/2/2014,2211.52,7153.91,642.9,1462.12,673.82,565.86,337610.78,3522.82,1141187.72,11865.85,3470.33,22641.3,446.6,350.98,4494.1,3632.19,152019.49,36237.53,7001941.41,15913119.97,56027.95,51134.94,,5660,7803.53,1996.06,101425,3688.07,701.67,2110.67,26194.19,67893.07,1733.3,1882.64,21745.92,2240.9,4162.1,756.95,18436.3,1406.49,,7555,637.01,47017.2,14951439.91,6407.83
75,8/9/2014,2042.81,6654.11,621.56,1395.5,625.61,535.59,322970.37,3425.38,1039134.92,11645.66,3275.73,22729.97,434.67,334.36,4178.37,3404.15,138629.03,35754.28,6878871.14,16059957.22,49335.1,47521.6,,5640,7360.01,1906.15,92685.71,3560.81,642.77,1797.23,24460.52,66232.46,1798.68,1779.88,19760.67,2138.1,3897.7,745.28,17285.66,1389.61,,7491.04,594.3,46110,11278305.27,5982.92
76,8/16/2014,1987.38,6285.69,553,1265.42,575.88,481.33,297290.13,3011.54,1042412.26,10410.75,3159.62,22818.63,389.27,311.91,3795.42,3078.21,132990.64,31453.73,6755800.86,14837173.45,56790,42288.61,,5620,6681,1714.79,90028.57,3130.48,601.61,1637.55,20267.63,64571.86,1501.99,1621.98,18878.22,2108.59,3706.51,639.23,15580.37,1372.73,,7276.76,553.39,46496.96,12561367.27,5443.15
77,8/23/2014,1800.7,6898.77,559.13,1234.35,576.84,493.89,320191.3,3097.4,964860.38,10522.38,3096.65,22907.29,391.77,310.83,3721.34,2962.74,122745.65,32631.18,6632730.59,13614389.68,52417.36,45281.6,,5600,6710.66,1719.81,80300,3232.72,621.85,1713.64,21282.27,62911.25,1557.81,1682.35,19001.93,2079.09,3700.76,689.35,15993.36,1376.64,,7062.48,556.38,44587.18,12054161.61,5573.01
78,8/30/2014,1770.93,6743.29,527.96,1137.94,560.18,465.56,304891.08,2901.69,945174.29,10299.14,2947.88,22995.95,382.62,299.83,3560.08,2938.41,124862.65,30853.2,6509660.31,13540562.82,47834.16,42762.11,,5580,6349.85,1627.13,76137.5,3072.17,587.5,1650.53,20238.69,61250.64,1560.93,1594.79,18457.2,2046.03,3528.95,670.81,15067.24,1380.56,,6848.2,539.71,45429.27,11546955.95,5448.45
79,9/6/2014,1751.67,6683.1,525.96,1173.43,553.82,474.66,304544.97,2912.63,967880.23,10077,3144.12,23084.62,385.98,296.98,3516.8,2977.84,125368.54,29341.15,6386590.04,15439034.69,54023.7,39562.14,,5560,6315.82,1589.28,72067.36,3081.29,594.77,1593.68,20347.03,59590.03,1525.34,1594.47,18618.98,2012.96,3512.54,666.91,14831.33,1335.47,,6633.91,541.48,41141.14,11039750.3,5578.82
80,9/13/2014,1702.54,6231.13,509.12,1145.53,507.4,462.38,291635.55,2809.89,887353.8,9821.75,2523.91,22466.67,375.23,280.85,3356.3,2905.41,117079.22,28907.34,6263519.76,14319950.41,51139.8,39327.66,,5540,5931.21,1496.9,67997.22,3057.31,561.74,1525.39,20328.52,57929.43,1423.18,1554.65,17634.12,1870.77,3359.12,530.41,13963.69,1290.38,,6419.63,498.09,42951.48,10532544.64,5443.44
81,9/20/2014,1518.93,5825.13,473.69,1058.93,482.53,416.95,278726.13,2494.83,841938.18,9113.89,2777.78,20889.58,338.48,255.71,3062.79,2611.4,104058.57,25683.43,6140449.49,13200866.13,52791.18,34706.25,,5520,5538.76,1680.74,70608.68,2706.45,529.32,1356.65,18614.91,56268.82,1328.15,1330.45,16012.38,1728.57,3229.85,584.38,13033.44,1228.35,,6205.35,462.05,39100,10025338.99,4938
82,9/27/2014,1423.46,5322.66,444.09,1040.91,443.14,386.75,242206.28,2257.99,786554.59,8337.86,2354.38,19312.5,311.76,243.41,2830.47,2437.7,109968.1,24141.81,6017379.21,12081781.84,46194.7,34072.37,,5500,5138.54,1262.7,73220.14,2538.45,497.51,1216.82,17825.53,54608.21,1254.67,1298.86,15017.11,1606.77,3085.15,537.28,11879.88,1166.32,,5991.06,418.86,35331.34,9518133.33,4590.83
83,10/4/2014,1304.72,4733.67,412.35,913.56,410.49,351.35,232684.38,2062.42,750434.42,8086.3,2181.13,19011.36,287.95,227.49,2544.64,2282.31,93330.54,21740.95,5894308.94,10142398.31,33733.06,29473.53,,5421.36,4836.03,1231.15,75831.6,2282.99,464.53,1157.18,14763.75,52947.6,1123.92,1172.28,14166.58,1562.37,2731.13,478.03,10951.62,1104.29,,5776.78,388.8,36529.28,9377344.34,4580.33
84,10/11/2014,1464.61,5149.15,472.93,1027.73,450.98,376.3,230467.1,2371.37,835920.76,8498.05,2336.76,18710.23,314.93,250.93,2879.57,2520.61,88540.67,24374.98,5771238.66,11668814.9,69877.78,33120,,5342.72,5322.05,1312.61,78443.06,2616.22,494.1,1318.99,18534.08,51287,1268.26,1347.43,15986.17,1517.96,3040.98,556.05,12278.88,976.92,,5562.5,428.1,37928.51,9246680.76,4968
85,10/18/2014,1397.95,5196.98,462.47,1004.84,445.61,380.84,224107.02,2328.49,767937.35,10212.35,2456.89,18409.09,312.66,244.33,2817.31,2489.12,90847.2,23659.54,5648168.39,12350961.84,46940,42764.58,,5264.09,5187.06,1306.03,81054.51,2618.65,483.68,1290.99,16651.22,49626.39,1289.74,1251.66,15730.86,1473.55,2932.97,492.65,11887.51,1034.62,,5348.21,411.52,37678.45,9116017.19,4385.13
86,10/25/2014,1267.65,4709.65,433.13,972.9,411.54,354.98,205448.59,2158.63,735291.11,7569.88,2202.69,16492.31,285.22,228.7,2609.46,2134,95574.34,21221.94,5525098.11,11476224.9,43657,31852.94,,5185.45,4809.77,1207.14,83665.97,2366.28,451.59,1195.76,15431.69,47965.78,1148.22,1112.25,15142.06,1429.14,2774.64,476.69,10981.99,1092.31,,5087.12,382.37,37234.36,8985353.62,4184.52
87,11/1/2014,1229.76,4496.63,417.94,965.22,391.45,335.67,203573.19,2052.94,729007.2,8269.16,2333.33,16292.85,276.26,219.42,2583.8,2096.53,89241.07,21562.26,5410234.19,11278867.18,41901.01,29657.93,,5106.81,4686.56,1203.62,86277.43,2316.95,436.49,1156.38,15774.82,46305.17,1091.72,1040.15,15662.49,1425.22,2638.91,479.14,10716.7,1150,,5055.92,367.21,33963.4,8854690.04,3842.54
88,11/8/2014,1494.27,4914.16,460.89,1074.66,457.49,373.85,237448.13,2357.85,791900.92,9235.25,2561.82,16093.4,311.08,249.64,2797.61,2450.12,108316.01,23355.14,5295370.26,11081509.45,48820.98,35800,,5028.17,5507.39,1340.36,88888.89,2633.83,509.97,1300.45,17219.92,44644.56,1234.77,1269.27,18454.22,1421.29,2995.57,550.24,12313.51,1002.94,,6706.3,423,41258.28,8724026.47,4492.63
89,11/15/2014,1512.74,4553.17,453.3,1037.7,447.59,384.36,221294.29,2258.07,814450.53,8955.13,2580.91,15893.95,320.01,242.23,2623.15,2555.16,100386.84,23433.21,5180506.34,10884151.73,53552,34381.87,,4949.54,5198.7,1329.57,73754.15,2556.67,511.97,1222.19,17397.17,42983.96,1165.35,1219.8,17650.51,1417.36,2960.35,498.67,12208.34,978.79,,7673.49,404.64,45076.96,8593362.9,4345.41
90,11/22/2014,1482.7,4714.48,456.27,1021.66,448.04,367.78,239857.53,2215.9,794895.44,8831.42,2600,15694.5,301.46,249.11,2746.71,2511.08,102704.69,23844.41,5065642.42,10785440.3,52870.16,34148,194086.43,4870.9,5263.32,1294.28,69688.65,2584.48,496.59,1335.27,16151.29,41323.35,1247.75,1233.52,17678.66,1567.82,2894.66,515.37,12183.96,989.43,,6510.34,407.53,49921.57,8462699.32,4090.9
91,11/29/2014,1394.45,4610.48,473.78,1033.31,437.99,373.8,244780.28,2254.79,837673.23,8759.3,2485.09,15495.04,306.84,245.75,2786.77,2467.33,90726.52,23123.16,4950778.49,10686728.86,52188.32,33904.35,164005.21,4792.26,5486.44,1340.62,70608.61,2700.74,502.41,1322.13,17077.61,39662.74,1206.67,1224.23,19863.54,1414.77,2888.62,538,12311.19,1000.07,,6866.67,405.51,60321.32,8332035.75,4417.4
92,12/6/2014,1361.31,4263.76,464.36,993.07,430.72,370.96,227585.96,2136.71,837511.4,8342.27,2370.18,15295.59,297.18,238.19,2650.6,2384.26,92915.22,22568.34,4835914.57,10588017.43,49885.52,33839.53,133923.98,4713.62,5283.84,1250.81,71528.57,2687.29,470.19,1284.16,16025.08,38002.13,1177.45,1236.75,19770.51,1325.89,2849.91,494.83,11542.6,1010.71,,6733.85,386.32,64314.78,8201372.18,4223.91
93,12/13/2014,1214.33,4148.57,439.18,1001.6,399.28,327.69,215945.35,1990.86,817942.58,7334.75,1394.66,15096.14,277.86,218.46,2493.94,2154.59,88397.85,21791.88,4721050.64,10489306,47582.72,31120,103842.76,4634.98,5023.6,1178.32,57636.67,2591,446.35,1141.82,14967.57,36341.53,1105.36,1153.44,21190.95,1175.19,2646.46,472.74,11115.52,860.56,,6403.42,359.83,62965.77,8070708.6,4114.25
94,12/20/2014,1277.78,3999.95,431.4,951.78,413.58,339.04,228725.37,1989.08,780945.39,7294.85,2542.22,14896.68,274.01,214.54,2472.24,2060.96,83644.07,22076.5,4606186.72,12070005.88,45697.18,29962.76,73761.54,4556.35,5132.69,1210.15,59403.71,2537.26,431.76,1135.09,14636.22,34680.92,1093.01,1090.93,19227.97,1200.55,2641.71,427.52,11013.36,815.23,,6082.61,361.5,60713.27,7940045.03,4052.89
95,12/27/2014,1239.83,3908.88,424.02,894.46,378.79,332.1,206872.89,1933.02,745467.66,6970.59,2256.74,14697.23,267.38,209.21,2350.44,2109.91,88266.07,20374.47,4491322.79,11280786.8,37750.98,28898.9,87381.43,4477.71,4945.37,1137.28,61170.75,2444.83,424.11,1115.52,14039.69,33020.31,1116.11,1082.28,19496.51,1274.52,2580.39,415.02,10249.25,769.9,,6458.05,344.21,58276.49,7809381.45,3838.32
96,1/3/2015,1090.89,3570.54,367.29,863.77,343.44,300.57,184067.08,1702.94,686316.53,6975.78,1971.26,14497.78,247.17,197.66,2202.05,1976.2,75415.41,18263.86,4376458.87,10491567.73,29804.78,32316.39,101001.33,4399.07,4348.71,1038.91,62937.79,2265.54,385.63,1029.42,13097.47,31359.7,1037.71,1021.78,18491.86,1158.33,2487.02,390.68,9283.76,724.56,,6833.5,308.87,52360.51,7678717.88,3533.65
97,1/10/2015,868.53,2974.83,308.87,680.87,272.05,227.97,150255.28,1409.53,492110.94,5949.9,1678.45,14298.33,207.01,154.12,1708.24,1585.21,72796.27,15579.39,4261594.94,9702348.65,21858.58,25501.37,114621.23,4320.43,3408.74,900.98,57306.63,1865.28,300.25,832.66,9903.16,29699.1,819.4,817.59,15426.62,1089.83,2048.35,351.59,6652.51,819.43,,6570.06,247.25,42612.02,7548054.31,2685.02
98,1/17/2015,855.3,2928.42,297.3,652.82,283.33,191.44,148969.41,1392.67,536179.99,5489.35,1744.58,14098.87,194.71,151.89,1658.73,1545.38,67616.8,14105.41,4146731.02,8009050,25681.78,28309.88,128241.12,4241.8,3448.74,899.79,51675.47,1793.52,321.83,814.94,10262.2,28038.49,819.4,837.4,15182.86,1021.32,1889.63,320.55,6960.22,649.66,,5719.01,246.78,41788.55,7417390.73,2717.04
99,1/24/2015,947.1,3370.51,332.64,692.87,317.89,221.28,165187.85,1480.01,623376.69,6403.63,1810.71,13899.42,228.4,176.6,1811,1896.03,70338.59,15726.69,4031867.09,8128900.8,25645.22,29152.71,141861.02,4163.16,3862.05,939.43,46044.31,2083.63,369.1,795.37,10984.22,26377.88,904.65,903.23,17261.89,1104.35,2254.97,403.94,7999.03,745,,4867.97,271.74,46059.23,7286727.16,3018.98
100,1/31/2015,841.82,3067.82,307.85,633.28,292.59,225.67,150269.77,1405.19,547713.9,5673.17,1611.11,13699.97,204.64,157.01,1620.62,1604.67,67874.26,14791.15,3917003.17,8054360,35051.17,22424.54,155480.92,4084.52,3550.32,874.18,40413.16,1874.99,331.02,798.19,10150.23,24717.27,834.25,831.75,16003.34,997.33,2014.71,334.18,7344.73,768.63,,4733.33,250.15,42718.45,7156063.59,2958.5
101,2/7/2015,844.68,2925.09,306.55,717.52,293.87,215.5,155280.67,1387.57,535389.6,5831.85,1900,13500.51,200.27,153.54,1596.58,1516.91,63412.45,14511.46,3802139.25,7054474.68,34674.86,22977.81,169100.81,4005.88,3534.29,843.53,42203.29,1839.59,327.02,741.21,10315.41,23056.67,815.46,846.46,15460.62,1016.4,1928.26,336.42,7200.37,738.28,,5392.4,247.31,41695.42,7025400.01,2818.92
102,2/14/2015,959.68,3071.62,321.86,696.66,303.39,229.8,150222.8,1458.62,573641.33,5959.63,1985.71,13301.06,211.45,160.53,1742.51,1658.86,65543.87,15385.42,3687275.32,7704149.23,34475.47,23914.5,182720.71,3927.24,3768.26,866.12,44154.67,1897.17,340.43,746.99,10884.99,24245.19,847.48,896.6,15052.32,1018.67,2060.1,364.92,7647.7,800,536200,6000.23,266.58,43777.74,6894736.44,2973.66
103,2/21/2015,941.3,2993.23,324.36,718.88,303.64,230.24,156203.25,1469.59,585216.64,5948.89,1813.99,13101.61,214.41,160.8,1751.49,1781.26,69314.13,15593.31,3572411.4,8794103.47,34276.07,23970.41,168483.63,3848.61,3726.72,898.18,48614.41,1860.93,329.45,850.43,11017.62,25433.72,853.67,900.85,15481.95,998,2138.49,364.8,7668.22,851.09,536805.88,7570.71,269.35,45952.24,6764072.87,3040.47
104,2/28/2015,1022.35,3382.34,365.93,812.88,337.72,259.9,168096.07,1715.72,675394.48,6469.65,1898.87,12902.16,237.86,180.39,1958.69,1900.89,78794.61,16639.19,3457547.47,8357204.68,38371.03,28703.19,154246.55,3769.97,4275.24,988.11,51897.06,2143.88,376.16,817.54,11988.8,29197.56,931.13,1011.55,16873.03,1040,2302.01,362.59,8358.16,800,537411.76,7308,296.83,63214.07,6633409.29,3247.12
105,3/7/2015,1074.96,3498.55,391.19,924.63,373.71,290.51,193309.36,1801.2,757412.4,7119.46,1983.75,12702.7,267.19,200.4,2097.93,2173.21,84773.32,17918.8,3342683.55,8238823.53,37732.09,31416,140009.47,3691.33,4735.2,1072.6,53256.5,2345.03,402.62,902.68,12836.1,31036.11,1068.34,1135.07,17832.09,1194.05,2486.77,388.14,9165.53,835.14,538017.65,7342.5,316.32,75009.15,6502745.72,3674.58
106,3/14/2015,1121.64,3280.95,381.08,915.52,358.28,290.56,182000,1768.43,704240.35,6694.22,2068.63,14632.16,263.46,191.54,1853.45,2114.4,86014.63,17545.09,3227819.62,8120442.37,37093.15,28734.99,125772.39,3612.69,4484.46,1050.68,54615.95,2381.6,393.04,857.28,12329.54,29223.32,1035.42,1073.16,17280.49,1112.02,2504.94,415.63,8795.1,858.97,538623.53,6186.4,300.83,72895.01,6372082.15,3630.83
107,3/21/2015,1007.19,3087.97,345.94,864.27,325.37,263.59,185125.93,1608.28,636070.64,6451.45,2023.83,13493.73,242.92,178.46,1840.52,1936.32,75579.8,16051.68,3112955.7,7663928.68,36454.21,28762.62,111535.32,3534.06,4291.17,971.27,51737.74,2110.79,356.84,846.17,11985.17,27410.53,952.64,1009.77,15495.87,1030,2298.28,355.91,8336.79,776.72,539229.41,6372.71,280.87,65020.27,6241418.57,3205.29
108,3/28/2015,1022.76,2989.13,338.96,841.01,313.75,250.05,174689.47,1585.15,632545.47,6008.27,2033.01,12355.3,235.23,172.79,1814.9,1817.8,68885.68,15606.4,2998091.77,7207414.99,35815.27,27495.02,97298.24,3455.42,3992.84,956.2,49595.76,2018.92,337.12,834.47,11640.43,25597.73,915.45,975.98,14902.64,1049.35,2232.14,360.47,7909.94,781.18,539835.29,6665.59,276.47,64385.02,6110755,3247.47
109,4/4/2015,998.8,2952.5,342.79,814.66,316.1,250.61,164318.34,1565.04,631144.56,6258.63,1917.35,11216.86,234.63,172.93,1868.52,1823.18,69800.33,16104.5,2883227.85,7401705.33,31827.25,25829.42,83061.16,3376.78,3935.26,934.23,46918.83,2030.01,345.45,863.69,11260.39,23784.94,933.14,976.57,14021.61,1002.25,2224.42,365.07,8118.98,785.64,540441.18,6956.96,275.48,65376.75,5974795.83,3301.22
110,4/11/2015,925.74,2609.51,315.39,744.46,295.82,229.15,148605.05,1454.25,605852.47,5740.72,1755.73,10078.43,221.76,158.9,1586.13,1702.62,67250.75,14501.04,2768363.92,6711049.13,36076.13,24364.04,68824.08,3298.14,3637.11,874.75,46610.36,1898.85,303.55,853.9,10304.81,26281.58,907.01,884.36,12229.17,955.15,2050.93,319.55,7351.42,751.98,542351.77,5584.46,257.54,70613.18,5838836.67,3305.35
111,4/18/2015,959.61,2780.43,307.26,732.11,291.09,224.7,158265.22,1450.07,596690.01,5888.06,1812.12,8940,218.72,160.14,1622.05,1663.59,65300.58,14851.19,2653500,6679318,40325,23412.43,54587,3219.5,3771.65,852.69,48614.29,1901.97,312.02,856.11,10048.78,25596.35,867.68,910.99,12507.45,954.84,2073.83,298.55,7430.22,708.05,544262.37,6041.04,260.06,68890.56,5702877.5,3430.81
112,4/25/2015,917.88,2698.79,298.85,714.56,294.84,236.87,153682.39,1401.34,550745.18,5614.74,1674.81,11954.55,211.88,155.34,1584.12,1661.82,63574.66,14660.42,2544033.33,7934255.15,38849.67,23719.62,53882.87,3140.87,3719.76,843.77,41375,1838.6,308.44,820.28,10553.94,24911.11,807.94,877.59,12313.84,971.3,2017.7,314.82,7122.29,585.46,546172.97,5825.2,256.91,68200.96,5566918.33,3765.34
113,5/2/2015,940.11,2848.78,306.82,729.47,295.54,221.08,150374.54,1492.2,578010.49,5671.76,1745.66,12224,213.45,159.37,1636.24,1685.51,68684.84,14917.43,2707429.17,7922047.22,37374.33,26242.09,53178.73,3062.23,3819.66,880.17,52698.11,1827.47,325.3,863.82,10766.57,22907.14,834.86,899.46,12654.79,987.76,2091.99,326.66,7589.78,777.98,548083.56,5214.67,263.68,69417.15,5430959.17,4165.86
114,5/9/2015,990.32,2835.1,312.15,725.29,302.67,224.88,158176.47,1525.42,569872.53,5693.38,1721.86,12190,216.28,157.84,1726.84,1675.55,68771.77,15085.84,2870825,7650128.01,35899,25240.02,52474.6,2983.59,3813.88,886.63,52663.41,1849.3,332.96,873.36,10715.44,22952.5,834.74,909.06,12474.55,1004.22,2095.22,321.59,7810.42,808.09,552484.62,5366.7,265.85,72084.97,5295000,3776.72
115,5/16/2015,974.6,2892.22,312.62,735.24,296.35,214.69,149207.71,1490.05,584208.29,5696.19,1537.64,12156,215.73,154.12,1852.82,1629.05,63165.47,14862.58,3795068.75,7725739.1,70928.57,25473.15,51770.47,2904.95,3784.14,859.16,49541.43,1825.33,331.79,826.05,10429.44,22997.86,823.17,889.19,12000.35,964.05,2045.61,317.46,7820.4,791.98,549161.11,5140.22,260.72,87722.08,5555555.56,3421.36
116,5/23/2015,984.62,2938.31,322.06,752.63,300.44,220.4,149641.06,1510.65,583114.66,5843.69,1872.54,12403.08,220.36,158.05,1782.09,1725.67,71081.95,15008.47,3649836.41,7570077.48,26877.2,26073.03,52535.35,2826.32,3832.33,890.03,51242.4,1871.16,341.54,747.66,10625.21,23256.86,841.05,914.24,12445.25,909.02,2137.55,325.78,7849.37,730.83,560528,5220.89,261.01,97493.65,5301013.5,3301.89
117,5/30/2015,849.03,2789.09,313.18,728.42,283.25,218.89,148059.05,1424.18,561108.05,5625,1654.55,12650.15,209.99,152.99,1595.97,1629.26,67878.68,14616.09,3504604.07,7414415.85,43478.18,24471.2,53300.23,2747.68,3836.31,874.82,45405.33,1870.71,333.83,810.05,10062.84,21654.72,836.6,854.21,12568.42,854,2038.4,324.33,7702.63,705.49,657750,4612,250.07,99002.55,5046471.44,3337.68
118,6/6/2015,893.78,2794.07,321.25,743.95,287.84,222.73,155981.69,1409.11,584339.83,5569.2,1704.62,12897.23,211.17,153.35,1826.48,1596.84,69502.23,14658.93,3359371.74,7411215.33,42432.56,24348.93,54065.12,2669.04,3786.46,896.58,44881.57,1831.75,337.07,762.96,10339.84,23251.68,810.15,867.6,12926.96,922.36,2010.48,327.89,7742.49,744.48,644531.25,4482.37,256.01,99436.31,4791929.38,3468.63
119,6/13/2015,1018.02,2985.05,331.79,769.01,305.26,232.66,161367.66,1535.9,627286.98,5801.27,1963.47,13144.31,220.49,160.65,1777.09,1711.55,72656.78,15504.87,3214139.4,7442414.45,45106.93,25802.74,54830,2590.4,3824.75,954.05,55080.79,1970.33,369.66,849.88,10828.51,23670.62,848.89,922.94,13544.33,976.97,2048.9,328.97,8393.06,729.74,631312.5,4987.85,270.31,104414.68,5016302.98,3693.95
120,6/20/2015,991.78,3048.46,332.52,777.76,302.72,233.51,167634.78,1521.88,610216.63,5785.09,1887.96,13391.38,220.5,160.7,1728.31,1710.18,77846.62,15523.85,3068907.06,7549896.05,45276.32,25416.76,54429.41,2511.76,3825.45,951.06,50568.14,2006.43,374.29,882.91,11153.99,23519.81,873,926.72,13745.86,1031.58,2058.47,334.21,8467.34,713.13,636943.59,5077.19,275.3,115268.23,5527900,3674.02
121,6/27/2015,1048.86,3327.18,355.26,844.05,324.25,247.73,183167.47,1596.25,648875.03,6167.85,1657.25,13638.46,232.16,169.77,1941.43,1857.38,82201.41,16134.75,3717175,7559550.97,47433.68,27325.4,59005.88,2433.13,4165.81,991.59,57438.91,2111.31,399.38,940.16,11649.71,24494.32,940.1,982.7,14395.12,959.88,2235.76,363.54,8685.32,704.22,634977.25,5344.27,293.26,120884.36,6039497.01,3666.25
122,7/4/2015,1165.13,3581.5,389.84,910.84,353.67,251.43,177136.43,1691.23,716444.4,6533.09,1980.73,13885.54,251.53,182.35,1930.5,1941.71,84540.24,17218.45,3942366.67,8839779.06,37473.98,29804.34,59916.61,2354.49,4539.47,1042.5,53500,2264.46,433.06,966.99,12402.39,25664.37,1005.99,1051.48,15898.83,1108.39,2385.11,381.33,9191.62,792,633010.91,6018.63,308.47,160428.94,6063651.59,3864.48
123,7/11/2015,1104.28,3821.23,419.5,950.73,378.45,282.99,200827.79,1815.8,751759.91,7061.78,2101.62,14132.62,262.11,191.77,2118.86,2085.33,89735.36,18028.29,4010173.07,9009354.05,54195.21,32355.75,60827.34,2275.85,4736.44,1124.1,57486.93,2453.34,460.98,1054.98,13332.66,28372.94,1070.85,1126.61,16668.52,1274.36,2553.76,413.03,9678.05,822.82,683400,6977.12,314.62,185596.28,6087806.18,4010.2
124,7/18/2015,1075.5,3885.44,398.41,961.92,373,271.02,194880.53,1764.36,743792.27,6930.22,2076.97,14379.69,259.51,185.36,2118.96,2044.69,86175.97,17617.53,4077979.48,8329499.6,55251.18,30744.06,61738.06,2197.21,4750.03,1116.19,65164.37,2375.41,449.77,981.62,12820.23,27128.78,1103.41,1094.5,16370.43,1088.32,2499.3,400.69,9081.48,847.88,725200,6388.69,307.22,177525.05,6111960.76,3848.47
125,7/25/2015,1118.24,4094.08,420.28,992.64,383.81,284.8,193627.15,1805.13,802154.3,6940.81,2119.23,14626.77,265.75,191.61,2065.94,2033.02,87998.83,18350.15,4145785.88,8687092.72,61696.07,31150.1,61128.24,2118.58,4847.54,1134.07,66830.11,2440.63,451.35,1091.95,13238.94,28386.36,1086.42,1114.48,17450.17,1222.41,2577.74,406.93,9678.35,842.86,703600,6573.29,321.03,181810.38,6136115.35,4067.29
126,8/1/2015,1092.36,4055.56,399.41,1004.27,371.18,273.78,183589.74,1739.38,758385.53,6663.67,2020.37,14873.85,264.39,187.07,2021.4,2053.63,85897.33,17917.18,3839600,8613207.95,37457.71,30599.05,60518.42,2039.94,4854.24,1106.03,58502.4,2428.09,441.08,975.68,12979.02,27129.93,1048.06,1089.07,17932.11,1145.58,2523.87,394.2,9758.17,851.65,672772.73,6203.28,313.14,181418.1,6302808.14,4043.37
127,8/8/2015,1019.07,3798.69,380.78,985.73,355.75,262.66,179118.55,1685.89,760705.69,6349.48,1948.65,15120.92,251.82,175.08,1933.89,1892.62,82434.03,16815.37,4719207.14,9174320,48567.39,29246.82,59850,1961.3,4600.15,1094.92,60344.72,2333.77,420.04,942.6,12311.1,26800.04,1000.02,1023.66,17563.63,1079.71,2351.27,384.58,9282.53,786.92,643553.75,5959.16,296.99,175291.01,6469500.92,3853.79
128,8/15/2015,931.4,3528.67,351.77,904.2,323.51,249.25,173529.07,1546.25,700251.45,5900.69,1877,15368,229.89,160.89,1730.29,1784.47,74397.93,15600.07,4104679.89,7814216.35,49954,26354.72,54600,1882.66,4286.45,1034.41,49674.94,2147.43,387.44,833.22,11568.97,25205.45,924.6,943.86,16680.31,1077.39,2169.61,337.87,8443.43,757.71,614334.78,5469.63,274.54,164760.52,5535452.65,3599.26
129,8/22/2015,881.58,3451.76,331.5,865.02,313.74,218.24,164128.08,1426.81,661524.34,5448.73,1862.13,15615.08,210.59,152.79,1638.95,1579.13,69685.7,14473.83,3490152.63,6876358.32,28457.44,25734.83,58671.5,1804.02,4115.68,969.4,46617.89,2009.92,357.45,874.75,10341.62,22548.87,808.77,840.95,15885.05,979.04,2007.49,333.74,8055.78,695.24,561800,5153.65,258.41,157102.76,4974590.44,3399.21
130,8/29/2015,898.62,3473.49,338.31,887.38,310.41,229.99,164082.83,1449.3,667963.66,5419.41,1845.22,15862.15,210.53,156.33,1748.16,1622.11,71263.39,14568.34,3369641.41,7133464.19,25692.16,26012.04,62743,1725.39,4113.81,980.99,47245.28,2037.93,384,826.3,10710.66,23369.94,845.47,886.56,15657.7,973.85,2029,327.5,7982.41,734.31,564489.47,5186.7,267.55,156076.52,5022576.56,3439.53
131,9/5/2015,949.11,3523.46,352.96,959.53,318.62,240.81,168332.87,1568.55,723326.76,5882.91,1717.22,16109.23,219.48,161.18,1801.14,1632.06,74186.18,15727.47,3584569.07,7390570.05,47596.97,27541.06,66814.5,1646.75,4197.18,1041.3,47604.26,2109.21,389.64,885.19,11318.72,25259.35,887.3,934.01,16594.98,947.92,2106.47,335.97,8647.51,763.1,592308.45,5277.58,271.94,166212.93,5009292.1,3666.69
132,9/12/2015,907.01,3480.23,339.58,939.45,313.83,231,158430.02,1502.83,719338.11,5557.43,1772.21,16356.31,208.58,154.47,1652.32,1608.52,73774.16,15300.4,3799496.73,7450426.71,30032,26552.01,70886,1568.11,4046.32,997.27,44474,1960.12,375.91,846.24,10579.61,23930.32,830.97,891.81,15940.77,1010,1982.46,323.36,8274.39,762.94,572007.94,5034.67,262.52,161264.65,5628763.79,3477.67
133,9/19/2015,929.28,3584.26,335.88,980.81,307.73,228.77,164088.76,1519.52,693187.28,5436.18,1817.56,16603.38,211.71,155.73,1677.24,1655,68289.38,15216.97,4014424.39,7404545.76,30651.92,26633.84,74957.5,1489.47,4147.19,1012.27,42391.67,2023.61,377.64,820.71,10652.99,23174.48,846.91,878.22,15862.74,975.05,2014.83,321.41,8274,735.77,578939.47,5295.36,261.4,166565.84,5602372.9,3527.16
134,9/26/2015,955.33,3723.01,350.54,996.85,317.73,239.42,171909.73,1531.51,665126.91,5725.79,1789.45,16850.46,214.46,161.87,1874,1695.82,69791.63,15266.45,3312655.32,7673320.89,31042.19,27047.43,79029,1670.97,4167.32,1051.77,45817.51,2088.51,387.2,845.99,11157.07,24978.08,862.18,904.89,16041.16,1031.04,2082.34,324.35,8532.54,752.42,596065.12,5121.36,268.13,188823.21,5768897.95,3686.82
135,10/3/2015,975.93,3756.18,350.59,990.03,324.66,239.48,168869.43,1568.14,687934.39,5972.43,1839.16,17097.54,220.22,164.18,1865.59,1700.35,71003.67,15488.87,3516142.66,7942096.02,32847.56,27567.19,84394.27,1924.25,4163.68,1038.22,47675.58,2074.55,390.52,839.33,11226.57,24620.04,871.94,910.57,15821.31,1062.96,2081.69,354.9,8775.19,710.76,727325.71,5355.86,277.47,186067.17,5758157.39,3700.25
136,10/10/2015,1000.59,3870.5,351.75,1036.56,337.21,245.24,179791.46,1628.61,708205.82,5772.45,1865.47,17344.62,226.18,170.63,2085.79,1736.03,71306.2,16251.89,3719630,8210871.15,34652.94,28941.6,89759.55,2177.54,4294.41,1042.14,62448.94,2119.74,393.2,774.22,11186.36,25546.8,926.69,929.95,16211.22,1090.54,2160.86,340.36,9065.31,818.66,726732.86,5633.03,294.9,189455.04,5971520.44,3724.03
137,10/17/2015,1042.61,4180.97,382.05,1089.23,359.2,256.71,190824.47,1736.1,793371.22,6338.7,1989.47,17591.69,237.62,177.39,1994.87,1851.04,77071.35,16885.62,4131717.63,8951549.73,40625.22,29894.87,95124.82,2430.83,4607.16,1124.55,67590.59,2277.3,429.26,803.15,12336.02,26518.12,944.09,990.07,17018.66,1128.25,2330.65,374.46,9480.76,828.74,726140,6123.16,310.66,205806.11,5726156.82,3963.54
138,10/24/2015,1121.6,4618.97,427.33,1175.89,396.65,302.78,218576.71,2039.85,871889.75,7289.93,2334.82,17838.77,279.57,200.28,2293.15,2116.05,95287.48,19222.47,4543805.26,10249070.56,39542.28,32778.82,100490.09,2684.12,5305.47,1322.87,72732.25,2669.09,482.85,871.38,14059.37,29055.26,1169.6,1169.73,19597.4,1273.92,2628.09,436.19,10739.7,932.94,790958.82,7213.87,349.42,237899.27,7072872.09,4600.55
139,10/31/2015,1314.68,6136.3,544.25,1582.63,494.48,393.63,268883.86,2622.25,1157416,10065.93,2642.47,18085.85,346.65,261.05,3207.93,2745.99,112095.87,24313.74,5651943.48,13943300,46173.09,42503.33,105855.36,2937.4,6776.95,1718.71,77873.9,3217.52,607.58,976.32,17304.54,37138.64,1475.71,1518.66,24748.3,1597.33,3360.47,547.8,14246.99,1139.82,1062417.39,8792.27,435.89,292154.57,10664178.69,5653.77
140,11/7/2015,1193.24,5126.52,508.52,1303.87,478.85,372.87,253858.91,2251.12,946423.75,8822.42,2682.9,18332.92,320.78,239.83,2698.42,2574.4,109946.15,21529.9,5439150,11327209.12,29173.17,37367.03,111220.64,3190.69,6151.56,1590.49,71968.42,3224.81,559.73,1134.43,16488.67,35007.2,1323.86,1321.17,23734.16,1350.77,3180.1,502.47,12513.38,1095.13,871995.56,8365.16,388.02,302934.27,9212755.87,5411.92
141,11/14/2015,1118.16,4922.08,483.82,1267,444.37,341.23,265348.69,2043.21,996237.82,8062.98,2503.69,18580,320.93,226.02,2503.6,2421.56,100112.95,19700.6,5408633.33,10974952.63,49995.2,36335.21,116585.91,3443.98,5784.44,1421.94,75622.22,2980.55,527.07,1147.92,15390.99,33096.84,1244.63,1366.05,22483.81,1386.82,2954.61,457.77,11563.12,976.8,872566.2,8031.11,372.07,266149.02,7309655.44,5198.08
142,11/21/2015,1121.74,4928.4,478.39,1307.35,458.46,345.4,265349.36,2041.08,1016089.9,8323.29,2515.3,19594.36,323.33,231.19,2736.47,2516.97,101599.77,19677.83,5378116.67,11258922.67,32673.91,37334.53,121951.18,3697.26,5786.19,1403.93,73692.39,2987.37,520.9,1109.75,15895.42,34418.53,1249.93,1369,22981.19,1336.31,3086.68,454.2,11697.06,1031.47,873136.84,8247.58,380.61,270358.43,7377988.59,5061.4
143,11/28/2015,1313.46,5256.45,524.8,1428.52,497.97,386.23,291269.31,2384.42,1055243.85,8908.35,2790.41,20608.72,344.17,253.9,2962.66,2660.51,112921.46,22177.83,5347600,13079294.65,43938.21,40914.36,127316.45,3950.55,6356.25,1560.37,76623.08,3217.02,585.38,1170.96,17131.28,37484.71,1412.17,1475.55,25018.93,1541.46,3311.27,490.35,13079.49,1062.97,1063800,8836.34,411.08,306533.03,8322634.64,5640.03
144,12/5/2015,1545.82,5776.1,578.53,1604.99,564.29,410.36,309895.72,2713.47,1292851.66,9549.17,2964.05,21623.08,373.6,279.05,2986.97,2944.63,128960.91,25862.47,5915100,13374203.17,54744.74,45373.57,132681.73,4203.84,7340.05,1733.34,95732.3,3595.69,636.07,1391.65,19529.71,41156.47,1569.41,1643.62,28708.56,1674.39,3556.12,577.46,14588.33,1307.63,1075403.23,10008.71,457.64,337166.31,9223254.54,6359.9
145,12/12/2015,1718.05,6488.17,648.08,1855.04,633.8,462.24,335497.22,2979.73,1416530.64,10763.69,3158.91,21849.57,413.06,309.69,3571.71,3179.78,131889.25,28524.5,7041260.14,15267447.44,62876.19,51039.93,138047,4457.12,8085.48,1926.53,101485.1,4062.43,711.34,1372.62,21813.39,46297.89,1752.96,1838.35,32168.51,1888,3900.8,659.77,15994.88,1397.93,1087006.45,10814.17,507.75,363379.69,10070359.5,7444.95
146,12/19/2015,1752.81,6149.73,633.11,1840.51,610.57,455.13,332073.11,2926.47,1335208.5,10409.98,3416.81,22076.07,411.28,307.96,3319.06,3146.35,126874.74,28883.61,6667640,15572685.51,55859.46,49859.72,142600,4710.41,7923.27,1868.2,100317.97,3974.82,662.78,1558.75,20979.38,46203.23,1621.88,1776.18,32172.58,1760.34,3874.41,615.47,16096.07,1365.92,1098609.68,10694.94,491.72,336085.81,10742609.95,7486.22
147,12/26/2015,1683.66,6165.14,612.18,1790.75,605.22,430.47,341334.2,2758.58,1306324.3,10544.29,2911.9,22302.56,406.43,300.58,2988.62,3036.55,121958.57,28131.48,6731994.04,15622824.27,59059.64,47173.3,145463.33,4963.7,7737.98,1839.85,95807.49,3859.52,639.92,1376.95,20194.86,43247.39,1562.32,1704.61,32811.34,1804.87,3839.45,566.33,15103.12,1244.14,1110212.9,10674.92,474.68,330667.99,9715087.56,7371.53
148,1/9/2016,1719.15,6326.05,639.66,1867.59,621.82,454.57,346403.93,2846.11,1398406.86,10921.55,3239.01,22755.56,415.73,308.05,3569.35,3156.46,134788.85,28522.79,6860702.13,15723101.79,65460,48829.78,148326.67,5470.27,8100.71,1868.64,105006.5,3981.7,682.27,1549.92,21272.48,44998.51,1690.24,1801.09,33425.78,2290.09,3876.48,617.69,15662.24,1364.11,1133419.35,11096,489.37,350327.31,9906991.94,7478.41
149,1/16/2016,1499.75,6443.75,647.58,1808.73,621.48,459.58,340979.17,2811.87,1381304.75,10479.87,2930.81,21667.78,405.75,306.52,3242.38,3115.9,136141.35,28406.41,6404052.78,15569414.19,62465.63,47655.1,151190,5364.86,7946.92,1832.35,111030.99,3947.03,689.78,1443.13,20458.22,43275.07,1693.13,1760.69,33005.58,1848,3770.45,610.96,14934.36,1298.24,1079655.17,11057.86,483.61,350725.19,9881501.4,7564.78
150,1/23/2016,1528.67,5979.36,602.55,1758.44,578.35,411.15,310007.24,2622.91,1359657.64,9812.83,2711.05,20580,375.28,290.81,3001.59,2806.73,116690.5,27077.18,6048727.22,13556697.8,56303.54,43791.11,154053.33,5132.43,7532.46,1733.37,128392.62,3626.73,666.33,1427.66,19004.28,41180,1576.45,1587.74,32479.67,1661.67,3524.65,562.65,13972.97,1230.96,1156750,10295.48,457.51,345986.46,8544552.72,7231.58
151,1/30/2016,1541.75,5677.14,577.2,1709.03,549.38,397.67,297142.04,2482.12,1253120.33,9623.37,2884.95,18254.63,373.2,285.6,2770.42,2858.36,122286.36,25566.84,5693401.67,13803814.28,50141.46,42698.91,156916.67,4900,7486.33,1650.86,113527.81,3546.47,624.69,1503.19,18909.89,41806.28,1527.71,1586.3,31615.83,1580.5,3514.22,555.78,13207.7,1271.49,1204800,10381.54,450,359639.9,8816456.37,6988.7
152,2/6/2016,1490.9,5562.64,558.36,1642.23,537.85,402.62,279197.03,2481.52,1196001.04,9111.58,2573.08,15929.25,361.69,277.22,2835.71,2724.13,114826.81,25338.88,5584871.43,13286985.94,43979.38,41997.24,159780,4900,7193.72,1573.74,108101.37,3389.96,583.66,1394.66,17673.83,39736.48,1477.99,1510.17,30366.37,1567.12,3365.33,554.45,13036.77,1196.74,1136400,10287.08,436.92,378338.9,8600060,6819.3
153,2/13/2016,1403.27,5606.8,562.54,1598.39,540.01,393.34,280311.01,2552.58,1237096.49,9260.62,2490.5,16167.04,350.42,274.33,2865.76,2632.79,108295.47,25386.94,5056253.73,13434479.97,43932.86,41709.92,162643.33,4900,7450.2,1585.51,104898.94,3375.52,619.7,1415.18,18286.77,40333.85,1440.29,1477.99,31155.75,1602.97,3331.6,537.09,13407.17,1203.67,943860,10050.07,444.95,377860.23,8401200.5,6827.63
154,2/20/2016,1563.16,6243.6,607.69,1736.13,581.96,420.73,313155.18,2719.19,1337619.44,9870.14,2900.61,16404.83,375.35,295.19,2997.13,2848.21,119046.23,27440.5,5240665.84,13581974,44355.42,45057.24,165506.67,4549.53,8014.51,1731.6,116120.29,3610.46,655.36,1337.09,19726.78,43829.69,1565.66,1585.7,32608.54,1728.81,3530.13,590.33,14133.14,1332.07,1010100,10996.1,482.34,423128.48,8944454.19,7130.45
155,2/27/2016,1554.82,6615.41,628.54,1787.28,607.27,448.66,310832.91,2850.82,1361260.1,10524.33,3030.07,16642.63,396.84,312.17,3225.15,2970.99,117748.38,28897.48,6034826.79,14262468.2,77868.75,45552.99,171233.33,4824.76,7974.81,1809.54,132341.76,3779.81,665.16,1463.93,20146.2,45786.47,1690.05,1665.07,33468.37,1786.28,3726.97,596.22,14848.42,1320.62,1021122.06,11472.37,494.67,444576.22,9711302.11,7349.88
156,3/5/2016,1647,6793.42,625.57,1767.1,595.26,454.03,304245.51,2865.11,1377632.17,10855.23,3078.36,16880.42,402.35,314.73,3259.06,3086.26,124197.98,28529.7,5976168.25,14136782.74,58327.91,45590.27,166171,5100,7706.49,1787.96,114314.11,3809.07,670.18,1533.63,20991.77,45971.18,1633.91,1673.56,32144.53,1733.84,3738.59,595.07,15022.03,1331.04,1032144.12,11253.2,485.59,437896.31,9579485.06,7667.7
157,3/12/2016,1618.22,6384.62,580.36,1687.25,564.12,431.78,299030.22,2736.09,1327406.6,10197.41,3007.38,17118.21,382.93,299.05,3311.18,2966.32,121768.59,27395.41,5938836.84,13996092.61,82946.1,45311.05,133808.79,5100,7493.96,1739.22,112796.25,3626.54,649.36,1470.57,19325.58,44767.78,1590.38,1615.39,30311.76,1603.03,3575.4,580.29,14845.77,1292.15,1057795.74,10796.5,480.78,446650.24,9113710.35,7487.21
158,3/19/2016,1626.65,6418.25,575.48,1688.77,578.28,431.65,301422.12,2683.54,1298716.34,9991.9,2912.17,17356,378.41,298.45,3260.31,2907.51,118157.98,28149.61,5376964.13,13855402.47,107564.29,45195.92,151085.85,5100,7515.28,1739.8,116223.67,3650.51,660.28,1441.79,21833.64,44974.81,1591.05,1606.15,29307.19,1701.33,3506.12,587.89,14888.98,1298.47,1083447.37,10875.96,488.13,467613.18,9271339.19,7614.47
159,3/26/2016,1609.24,6344.58,572.53,1671.34,555.48,427.47,302912.57,2698.76,1248790.02,10105.49,2725.27,17593.79,379.83,300.35,3361.86,2897.69,123848.89,27835.48,5299507.12,13817403.04,80000,45222.6,149675.07,5000,7460.61,1667.69,116412.44,3569.38,653.76,1553.19,22245.58,44086.88,1548.63,1608.12,29086.32,1701.99,3523.37,573.87,14811.57,1086.69,1077586.96,10766.12,486.84,450718.22,9427820.9,7466.91
160,4/2/2016,1619.08,6487.55,561.66,1702.51,558.68,436.05,305573.31,2675.52,1219757.8,9912.55,2917.15,17831.58,379.71,300.28,3297.57,2880.78,115294.71,27602.42,5526415.61,13747357.96,58575,44814.54,148264.29,3802.08,7575.18,1682.17,118323.1,3566.13,651.23,1421.26,21036.07,43568.79,1542.57,1601.77,29107.82,1726.04,3559.34,576.06,14572.73,1262.91,1067335.58,10852.06,466.96,418909.58,9607813.97,7368.44
161,4/9/2016,1630.9,6318.92,563.89,1678.95,567.19,423.96,306262.2,2728.24,1219111.3,10026.72,2863.87,18602.33,378.37,305.71,3215.23,2895.75,114334.47,27470.67,5366749.02,14076659.44,44764.53,44749.39,146853.51,2604.17,7700.68,1666.84,116766.52,3563.33,657.02,1520.39,20716.9,44942.47,1554.8,1593.58,28789.22,1707.4,3540.65,571.85,14690.46,1256.16,1057084.21,10798.49,465.06,432202.79,9414606.75,7102.5
162,4/16/2016,1607.33,6379.79,565.13,1646.23,556.3,419.05,312962.26,2743.92,1284750.65,10109.42,2879.43,17470.59,382.17,310.68,3184.92,2911.09,126125.94,27537.87,5462997.41,14286748.58,79800,45272.03,145442.74,3782.08,7870.26,1664.99,118608.02,3564.26,653.41,1525.05,21241.73,45507.31,1533.68,1632.05,28884.75,1739.53,3533.79,591.45,14725.8,1290.3,1111100,10817.3,474.22,445225.08,9616714.14,7002.46
163,4/23/2016,1687.55,6336.47,573.72,1742.74,566.81,433.88,318248.58,2804.76,1230633.88,10645.9,2776.08,17200,393.63,316.6,3312,2983.09,125606.61,28145.48,5350839.59,14468436.93,47387.79,47030.02,144031.96,4960,7754.44,1685.53,124339.03,3658.93,667.92,1495.51,21932.36,45454.41,1610.65,1678.2,29351.36,1759.77,3621.88,600.04,15297.95,1297.01,1064231.43,10876.06,485.17,469318.8,9753596.43,6923.82
164,4/30/2016,1600.61,6738.45,616.74,1804.76,581.21,461.02,324645.36,2889.45,1323665.54,10904.19,3138.26,19361.29,415,325.31,3405.69,3124.19,130235.26,29275.4,5726415.26,14813665.89,44052.63,49234.15,142621.18,4190.42,8000.82,1789.11,133591.49,3855.08,694.39,1550.73,21780.86,48624.75,1704.82,1755.64,30257.52,1871.54,3885.95,616.87,15818.74,1406.02,1104435.71,11080.35,501.67,474676.06,9913448.29,7219.58
165,5/7/2016,1699.21,6471.81,611.42,1767.8,578.48,445.66,315083.52,2864.3,1313696.23,10411.05,3035.04,18716.54,405.71,320.38,3426.77,3033.22,130987.12,29300.41,5587274.42,14912708.61,46178.32,48517.02,141210.4,4538.76,8019.71,1788.33,132093.03,3707.89,661.54,1577.83,22047.84,46906.3,1675.21,1709.71,30228.1,1803.92,3681.45,621.56,15541.36,1353.12,1109430.54,10798.33,491.92,445649.71,10084168.03,7171.57
166,5/14/2016,1749.04,6542.05,632.78,1778.73,590.67,450.19,321943.26,2925.45,1286503.48,10622.37,2891.62,20245.45,410.66,325.92,3451.06,3113.63,133659.49,29685.03,6671885,15011751.33,48304,48963.77,162588.62,4947.44,8471.28,1829.78,138229.56,3790.45,687.45,1624.3,21448.53,46774.45,1732.8,1756.01,30507.43,1852.88,3751.91,623.04,15972.07,1264.81,1114425.36,11233.91,533.45,466106.55,10278821.26,7496.42
167,5/21/2016,1635.09,6473.94,636.25,1757.56,597.6,447.94,321692.49,2926.91,1271093.03,10807.17,2762.24,21447.18,410.51,324.04,3475.68,3147.93,130115.4,30141.07,6633492.31,15209041.21,61400,48443.93,165367.7,4741.48,8516.18,1849.33,146433.77,3805.31,683.4,1721,21464.76,45859.57,1719.97,1761.12,30460.02,1857.78,3799.64,640.37,15893.83,1425.71,1119420.18,11259.2,515.13,465183.53,10329238.1,7665.09
168,5/28/2016,1640.3,6577.62,643.91,1772.54,608.73,464.85,329613.95,3102.42,1290374.15,10778.73,3470.48,19935.67,417.37,320.13,3513.33,3140.84,127333.56,31091.38,6634453.62,16586018.82,47301.43,48930.85,168146.79,5198.05,8804.94,1917.18,151485.2,3825.77,686.97,1749.73,21608.34,47780.82,1738.42,1810.58,31029.49,1872.66,3989.17,652,16228.72,1452.96,1124415,11092.57,517.85,456747.4,10076497.73,7723.99
169,6/4/2016,2043.98,7817.43,747.43,2048.51,748.27,546.83,406391.39,3645.24,1568847.32,12975.11,3836.35,23247.4,480.98,379.58,4269.49,3777.93,152747.21,37183,7348540.93,17962996.43,60819.14,59311.8,189460.89,5606.45,10500.44,2283.18,184227.47,4539.12,839.15,1869.89,25615.05,54728.47,2044.12,2112.43,35987.5,2157.81,4559.91,749.33,19242.85,1675.66,1371128.57,13064.48,621.31,504675.72,11659712.19,9139.69
170,6/11/2016,2388.08,8249.69,804.89,2336.31,758.25,572.41,413231.2,3917.71,1694651.67,13915.6,4016.97,24960.93,529.72,410.97,4535.98,3993.92,158711.43,39840.35,8472837.84,19597757.85,69419.86,62591.64,210775,6315.28,11203.19,2427.46,204215.66,4752.57,906.43,1905.65,27333.14,60873.56,2170.58,2232.89,37816.79,2255.16,4807.12,803.21,20283.02,1826.47,1459360.71,13950.73,665.33,578902.61,13010560.09,9549.7
171,6/18/2016,2723.46,9871.55,974.15,2686.61,979.33,641.84,493730.26,4875.61,2080541.84,16523.59,4591.77,30140.31,622.81,509.09,5676.65,4874.14,188263.92,49196.6,8949749.77,21232519.28,78020.59,77100.6,246645.71,7547.96,14459.3,2977.62,239818.79,5746.21,1057.26,2250.06,35781.32,74901.78,2690.28,2748.22,46618.04,2881.17,5873.11,1003.35,25235.94,2103.17,2022031.17,16809.09,796.2,764839.73,16230657.33,11054.58
172,6/25/2016,2573.76,9654.52,956.86,2531.9,895.1,652.6,484532.08,4911.72,2032723.15,16271.27,4647.76,27989.19,634,477.85,5517.92,4454.1,188512.05,49124.51,9557540,22867280.7,77733.77,74198.18,328841.18,7463.06,12996.13,2778.84,229383.94,5616.67,990.77,2157.26,32437.49,73740.14,2582.48,2654.22,44683.45,2724.92,5977,963.89,24382.38,1964.65,1788124.79,16393.79,761.34,729076.3,17226824.49,11220.49
173,7/2/2016,2430.45,10142.81,910.92,2377.59,891,623.73,468327.85,4353.5,1915489.31,15958.12,5149.69,28218.73,608.75,496.69,5489.62,4567.54,194865.53,45946.85,8955513.77,22557544.9,139085.71,70644.4,247873.74,6816.01,13353.6,2719.84,232723.78,5711.37,965.99,2368.61,31657.16,71419.74,2549.33,2599.28,43595.2,2569.71,5788.9,880.65,23094.6,2051.71,1740238.16,15669.92,752.4,677658.9,14625133.62,10597.07
174,7/9/2016,2521.3,10268.1,943.81,2332.45,914.77,648.84,465961.43,4439.71,1898958.19,15842.02,5165.8,26646.58,628.72,518.79,5357.79,4697.63,202428.14,45089.26,8729052.84,22247809.09,71466.67,71320.82,209059.52,6946.9,12946.59,2723.88,216660.5,5752.64,977.19,2359.39,32276.69,70664.43,2580.81,2626.7,44052.01,2716.54,5786.01,894.7,23098.55,2074.01,1733842.2,16357.66,762.04,668495,15248233.48,10544.49
175,7/16/2016,2599.44,9922.13,926.33,2298.24,897.2,665.37,468593.43,4369.1,1922014.82,16196.73,4515.23,30548.08,613.92,511.3,5085.41,4402.18,186548.94,44055.64,8141491.84,22471324.44,89920,73536.89,259724.05,6800.6,12712.24,2637.64,223545.47,5767.13,974.08,2283.1,32064.16,68510.43,2556.9,2589.78,43661.09,2531.73,5846.92,873.71,22877.07,2036.3,1670234.17,16024.07,755.53,648443.65,14661450.06,10201.27
176,7/23/2016,2422.22,10302.8,945.36,2302.5,946.69,654.4,470410.81,4436.29,1914502.84,16408.01,4537.18,28280.56,628.47,517.1,5194.16,4437.32,200482.81,44500.68,8491620.93,24780533.33,67370.82,74673.67,246863.98,6845.17,12806.26,2660.9,244112.55,5813.59,995.85,2251.06,32054.04,70071.32,2597.61,2633.58,43857.78,2538.21,5911.97,919.26,22749.11,2081.7,1680410.97,16345.62,766.55,651789.79,14648721.2,10269.93
177,7/30/2016,2568.64,10189.99,918.35,2264.79,913.22,698.25,460872.77,4304.96,1907765.98,16213.41,4486.98,27632.91,618.92,510.63,5073.34,4429.94,194618.83,43791.12,8397443.95,22391314.41,62952.25,70858.29,222932.08,6846.88,12881.13,2662.74,238786.75,5681.5,964.3,2261.12,30567.8,69499.62,2501.38,2572.65,43581.79,2555.95,5786.95,924.81,22155.61,2037.31,1649443.24,15997.58,746,646646.86,14705847.27,10134.89
178,8/6/2016,2035.32,9312.52,813.6,2030.65,826.72,577.88,424568.49,3817.21,1779225.09,14401.62,3810.86,25239.42,561.19,461.58,4588.74,4099.57,176880.49,39850.46,7785739.58,20002095.5,58533.68,63571.52,204979.69,6180.63,11386.79,2434.05,220479.85,5131.44,848.23,2026.12,28292.78,62802.14,2177.81,2291.97,40175.57,2348.86,5324.36,778.84,20556.09,1842.73,1529990.34,14682.06,673.51,610123.25,14105149.73,8976.45
179,8/13/2016,2318.35,9129.7,810.56,1961.25,788.07,597.11,408399.18,3913.68,1729495.96,14251.36,4060.44,24856.99,548.56,468.54,4451.05,4066.74,179821.1,39590.77,7229550.97,20128628.09,54115.11,63679.75,183186.96,6216.74,11253.89,2365.16,219938.66,5058.9,867.52,1944.85,28215.74,63478.51,2204.08,2295.16,39484.48,2405.9,5224.46,825.51,20351.43,1860.46,1185995.74,14631.13,666.3,610908.41,13300274.05,8611.52
180,8/20/2016,2224.56,8840.21,788.79,2008.97,754.69,552.23,399571.49,3807.76,1662780.54,13913.13,3750.74,27753.33,540.75,457.97,4385.37,3827.46,170614.06,38644.12,7166118.82,19960217.8,57962.22,60849.14,216140,5956.75,10863.18,2310.8,214391.9,4819.52,849.02,1880.82,25884.91,61735.47,2141.47,2192.51,38432.42,2270.38,4964.61,830.16,19643.31,1750.18,1198181.48,14424.55,649.09,594210.34,12799540.74,8461.92
181,8/27/2016,2300.83,8828.66,801.1,1971.34,759,573.05,405329.48,3852.48,1641655.3,13793.38,3795.89,24330.4,528.34,453.03,4325.89,4005.79,163169.33,39270.22,7385320.83,20093544.61,61809.33,60464.94,177828.3,5984.03,11117.25,2339.36,219587.14,4797.08,849.87,1899.44,26508.34,62306.2,2184.07,2236.58,38880.57,2264.86,4964.42,816.08,20030.3,1782.48,1451525.97,15242.93,655.53,607951.48,13314981.71,8562.16
182,9/3/2016,2200.33,8709.83,804.89,1943.64,751.21,585.86,407436.51,3813.11,1636286.5,13756.55,3913.81,27426.88,535.12,446.37,4297.95,3947.3,156858.21,38953.67,7207338.78,19673752.05,77818.42,60513.17,192443.32,6092.1,11457.3,2337.51,223333.4,4820.44,854.73,1808.87,25874.95,61485.82,2185.96,2217.29,38569.89,2250.69,4999.79,790.93,19722.66,1741.92,1442672.37,15016.78,648.97,625243.31,12900481.11,8665.44
183,9/10/2016,2316.85,8936.89,845.93,2060.59,811.34,613.31,422317.35,4134.61,1705755.91,14867.61,4110.96,26423.77,562.2,473.65,4653.58,4150.9,183488.97,40907.5,7900720,20908180.22,80750.88,63597.04,207058.33,6133.42,11953.5,2468.49,245976.5,5130.18,873.57,1937.97,27825.3,61455.19,2376.92,2341.62,40446.14,2415.4,5395.68,835.96,20470.86,1818.15,1567005.57,15775.13,690.04,640991.97,13564272.35,9344.52
184,9/17/2016,2210.7,8929.08,847.93,2044.32,818.82,605.4,425430.09,4032.7,1704551.54,14690.9,4088.23,25420.67,558.16,472.56,4719.34,4168.61,175442.77,41171.54,7491072.73,21661826.55,83683.33,62730.91,230758.33,6095.08,12096.64,2477.44,245984.91,5180.75,887.22,1997.2,28452.14,62272.06,2309.9,2341.5,40705.81,2250.95,5284.44,866.49,20896.76,1938.08,1526401.96,15820.64,683.16,645830.9,13719322.07,9266.83
185,9/24/2016,2259.74,9259.62,830.17,2001.15,802.27,613.15,416270.62,4024.82,1667469.33,14740.34,4023.76,25132.32,557.1,476.7,4572.77,4111.6,173939.79,40904.46,7455761.89,18193959.52,55627.45,66233.43,239822.5,5972.78,12295.7,2462.75,254011.18,5139.85,872.68,2120.26,28176.86,61314.66,2303.66,2320.92,40196.59,2357.84,5278.77,829.44,20718.12,1806.02,1509437.85,15521.21,684.28,647658.89,13556927.61,8977.29
186,10/1/2016,2336.6,9618.77,823.61,2034.94,818.25,610.22,418673.95,4016.89,1628261.46,14787.16,4290.17,27361.66,552.42,480,4630.79,4082.74,175038.6,40563.59,7367805.17,20271333.15,55951.82,64407.45,208242.86,6052.72,12240.67,2447.67,271315.87,5006.15,885.69,1962.63,28150.56,62967.38,2264.24,2355.36,39398.68,2229.43,5411.44,864.47,20877.04,1838.53,1541199.47,15679.2,689.06,682648.51,13063059.38,8990.75
187,10/8/2016,2090.63,9655.74,826.59,2034.47,835.03,608.02,413791.12,4106.9,1675144.11,14867.62,4292.24,27283.42,574.24,494.93,4600.68,4254.21,182922.71,41300.96,7660095.8,20524086.8,57185.45,62895.54,192153.39,6130.82,12086.91,2490.16,312535.93,5016.35,891.08,2134.92,28506.09,64725.11,2294.29,2352.58,39179.14,2433.99,5365.6,857.02,21171.29,1817.43,1548987.31,15670.47,689.46,752421.7,13426281.67,8787.34
188,10/15/2016,2391.44,9666.95,856.75,2120.14,844.64,633.19,432686.27,4273.89,1747374.56,15640.8,4389.6,26964.82,579.16,527.67,4780.39,4365.24,182480.84,42914.94,7837761.04,20387612.89,64291.48,66103.14,229279.63,6319.74,12533.11,2609.47,312028.3,5241.88,932.46,2054.55,29457.26,65551.96,2385.86,2478.73,40610.15,2500.15,5500.97,884.84,21976.85,1930.52,1638810.68,16263.13,708.54,800861.45,13935071.55,9351.38
189,10/22/2016,2451.28,9909.44,862.45,2150.52,846.11,647.64,433892.44,4316.48,1785228.68,15738.95,4529.19,26841.65,589.94,531.59,4807.17,4520.51,184939.72,44713.18,7880299.37,21261544.91,61973.54,65982.4,219102.67,6372.63,12366.87,2640.41,305492.52,5342.36,948.94,2038.57,30014.04,66380.05,2434.4,2525.63,41239.86,2532.76,5617.64,896.02,22188.6,2122.27,1600603.05,16202.7,710.96,913932.06,14490129.24,9399.62
190,10/29/2016,2514.36,10239.72,888.82,2190.28,913.94,681.7,457587.01,4633.18,1924510.25,16779.93,4738.48,33652,616.24,560.08,5165.61,4703.11,187696.73,46431.31,8252682.4,24153519.74,78745.29,68812.72,235887.55,6745.06,13233.69,2772.23,315584.76,5588.64,983.33,2425.65,31021.9,68759.41,2611.88,2671.89,43135.13,2601.67,6183.26,935.06,23496.97,2210.27,1752833.94,17272.66,741.85,1077586.54,14747812.57,9880.53
191,11/5/2016,2738.53,10936.43,958.6,2361.73,945.36,731.46,479575.33,4827.6,2096057.14,17275,5007.72,33750.58,653.37,593.01,5682.72,4831.81,212153.58,50778.84,8981428.73,26240848.33,76826.26,71960.86,254197.82,7178.91,14263.74,2954.48,352508.37,5965.1,1056.15,2388.57,34455.37,74757.85,2725.05,2818.05,46137.81,2773.61,6605.37,1039.03,24690.48,2323.44,1930315.22,18357.46,789.64,1332711.49,15792193.71,10346.36
192,11/12/2016,2660.07,10481.41,953.33,2411.11,953.31,725.25,494794.19,4909.24,2107926.92,17955.03,5003.94,38309.09,650.16,591.86,5469.02,5052.54,200902.36,51617.04,8951646.56,26662803.13,76604.87,72030.83,263037.21,7071.65,14398.6,3004.03,359359.03,6047.69,1058.13,2485.35,35223.76,74068.48,2736.93,2846.68,46532.15,2810.3,6570.17,991.74,24635.61,2375.8,1884550,18546.66,794.81,1476374.78,15534837.3,10372.49
193,11/19/2016,2633.25,10903.42,979.37,2561.21,975.74,711.29,510730.57,5159.58,2167900.34,18015.96,4881.25,32785.12,696.95,601.42,5494.02,5141.83,206935.96,56727.52,9317816.77,26438027.45,77364.62,74317.37,270942.5,7337.2,15950.3,3157.48,375478.2,6319.65,1087.89,2634.05,36702.59,77351.33,2896.68,2979.85,48613.12,2889.27,6747.31,1021.29,25635.37,2412.5,1872470.32,19213.89,815.74,1617292.59,16090407.87,10899.42
194,11/26/2016,2796.43,11504.81,1026.16,2605.08,1012.64,770.87,518746.95,5199.83,2191161.46,18808.95,5362.49,35390.32,709.48,617.96,5557.42,5374.33,212993.26,62842.21,10142725.83,26617663.36,98661.31,80693.88,220012.66,7614.29,16443.26,3251,392339.41,6539.61,1084.77,2445.6,37424.3,78450.49,3003.96,3045.17,50232.72,3007.72,7137.01,1072.84,26455.09,2551.31,1875563.6,19525.96,838,1916207.37,16909586.42,11293.14
195,12/3/2016,2755.26,11874.12,1026.73,2719.82,1030.65,759.76,539876.97,5188.64,2207946.47,18923.59,5397.26,35697.78,705.84,617.03,5721.65,5482.09,226215.68,57554.9,9546539.53,25078948.39,87614.45,77144.74,279776.92,7925.84,16265.03,3288.06,393693.59,6482.6,1122.69,2600.67,37380.35,80780.15,3045.44,3088.16,49963.2,3109.77,7230.33,1085.71,26753.31,2657.5,1935571.66,19729.34,837.76,2664250.59,17228845.34,11188.16
196,12/10/2016,2745.83,12315.94,1047.16,2710.47,1036.39,763.79,531647.46,5361.67,2239313.98,19056.61,5624.07,33379.09,731.07,623.24,6004.85,5584.92,233484.46,56395.24,9901894.65,29942841.67,96546.55,79981.95,264296.62,7693.79,16301.89,3329.8,398867.22,6552.94,1126.12,2522.25,37979.85,78084.78,3126.45,3168.18,50153.31,3125.27,7194.36,1116.79,26977.22,2835.83,1964068.6,20276.39,864.73,2565180.02,18185288.58,11116.13
197,12/17/2016,2852.96,12703.62,1069.51,2753.91,1097.67,809.95,521826.19,5453.71,2267244.97,19927.34,5624.32,36253.52,748.11,638.4,5975.4,5798.05,244791.45,55407.39,10184216.13,28024197.72,99984.6,82500.78,251535.82,8001.69,16565.72,3394.55,388680.03,6770.69,1147.58,2621.88,39404.45,82976.62,3199.63,3275.68,49405.88,3159.11,7375.68,1126.61,27781.61,2794.05,1978076.45,20744.69,869.05,2127790.06,17917194.71,11309.8
198,12/24/2016,3140.37,13619.84,1156.54,2831.48,1167.68,859.5,592657.14,5894.1,2485237.55,20919.76,6563.92,39183.87,796.86,686.98,6443.38,6125.84,240462.18,58555.3,11921834.62,26105553.77,119377.78,85427.33,292354.27,8646.49,18374.39,3669.48,397950.01,7271.2,1244.61,2820.71,41803.6,90429.75,3468.76,3492.72,52318.21,3387.83,8013.51,1180.12,29731.28,2966.14,2147476.98,22575.86,919.1,2407600.9,20000901.23,12358.61
199,12/31/2016,3332.2,15740.95,1345.82,3292.8,1323.88,956.78,679057.2,6581.89,2933866.24,24462.74,6838.71,47317.55,917.47,783.31,7064.18,6579.91,286983.56,62978.01,11981570.8,36883178.57,114089.12,99521.28,305100.6,9741.07,20926.75,4144.63,453240.27,8392.64,1423.44,3238.58,48465.5,98738.37,3815.05,3950.31,58792.48,3557.36,8892.62,1377.98,33215.91,3376.12,2391098.29,24757.19,1046.03,2879942.24,21478205.29,13793.02
200,1/7/2017,3703.45,17228.64,1417.54,3742.2,1365.97,1074.97,698500.81,7190.14,3175206.74,26070.9,7467.79,52814.73,966.07,830.63,7895.05,7811.04,301333.82,68132.43,14508897.4,41864525.45,124568.76,103506.72,317377.89,11009.67,23347.13,4570.13,489299.83,9058.87,1520.52,3503.39,53912.86,103727.1,4138.9,4138.12,61931.35,3737.74,9510.19,1529.39,35993.19,3747.91,2491772.83,25163.5,1113.43,3256979.32,25663160.58,15193.07
201,1/14/2017,3406.42,14582.58,1221.25,3149.73,1172.92,896.88,616212.5,5922.8,2626239.61,22424.77,5634.95,34947.74,862.82,715.73,6206.8,6391.81,268948.41,62363.12,11564806.44,39589757.14,92400.07,98395.91,291070.42,9084.36,20416.04,3835.28,412228.47,7669.69,1291.66,3008.98,44360.9,90314.74,3562,3567.38,52665.54,3484.47,8074.33,1306.92,30938.28,3247.72,2274178.46,23538.9,968.13,2813849.88,18271040.74,12673.42
202,1/21/2017,3411.05,15217.11,1239.86,2986.18,1229.3,918.99,617936.49,5866.19,2563718.82,22192.85,6420.43,36588.28,850.87,732.93,6653.09,6360.21,261089.34,63411.31,11405862.51,38483091.67,111343.18,98360.06,288775.56,9021.64,20447.79,3922.07,426854.6,7587.82,1293.89,3073.67,45465.55,91744.48,3450.54,3620.23,53816.41,3361.57,7716.5,1326.38,30667.87,3286.71,2163358.76,24332.5,1012.68,3027719.3,19423979.24,12696.91
203,1/28/2017,3471.95,15650.68,1277.88,2931.97,1278.02,930.89,617681.08,6324.53,2643434.79,22929.68,6583.98,41705.49,876,745.61,7303.82,6539.48,264737.37,65195.16,12472357.86,34220759.28,107858.54,98373.33,295360.92,9470.35,20483.54,4065.76,438851.83,7839.35,1325.1,3194.59,49840.69,96495.95,3661.14,3721.89,56022.76,3648.34,8365.09,1350.71,31487.8,3498.58,2331633.17,25068.5,1030.52,3113496.94,20514181.99,12952.02
204,2/4/2017,3738.5,16121.45,1330.93,2958.48,1329.69,988.74,667563.81,6784.95,2745922.58,23303.87,7048,46864.36,894.92,788.21,7538.14,6906.32,276771.38,67934.79,12780571.65,35323082.08,118992.63,101922.29,316890.74,9972.44,20891.62,4350.03,467215.88,8119.46,1372.37,3336.65,50194.36,102484.26,3795.18,3995.31,58600.98,3824.02,8792.7,1413.21,33290.63,3616.35,2260347.99,25740.92,1080.11,3177722.68,21877315.46,14014.37
205,2/11/2017,3772.61,16439.77,1424.82,3069.84,1393.58,1050.07,697184.81,7152.07,2866550.9,25886.02,7267.31,45541.28,984.36,838.98,7812.35,7209.42,306232.16,70573.95,12343829.87,10098902.76,130266.6,105781.13,332356.98,10497.74,21754.1,4576.51,502363.51,8687.16,1460.7,3457.83,57245.57,106871.01,4004.2,4263.13,60564.21,4043.32,9393.53,1385.27,35317.72,3820.72,2436155.16,26605.9,1137.15,3372694.14,23535240.55,14564.2
206,2/18/2017,3703.02,16468.08,1414.33,3167.48,1376.75,1070.02,691298.11,7201.24,2990199.87,26173.01,7188.34,50619.21,973.79,841,8068.83,7207.83,300187.98,70803.43,14221447.06,39559821.79,121565.41,108786.76,338927.45,10753,21664.91,4579,509241.59,8755.74,1474.2,3646.98,52158.61,108564.25,4048.65,4245.04,60048.45,4037.69,9296.38,1480.97,35083.29,3765.08,2386550.19,27266.69,1134.8,3874780.24,23019542.55,14255.79
207,2/25/2017,4219.52,18542.59,1511.95,3441.55,1528.71,1106.02,764911.63,7884.52,3345111.34,28359.27,8540.98,55465.91,1018.56,919.42,8967.67,7879.82,319998.72,76247.75,13980614.43,42332181.01,120198.93,115578.23,367154.96,12061.75,23512.86,4937.28,542651.72,9421.41,1622.29,3856.73,57828.65,118129.32,4384.29,4600.72,63874.78,4418.42,10139.71,1583.35,38028.55,4068.29,2628892.22,29427.41,1280.49,4383797.24,25025834.99,15255.93
208,3/4/2017,4425.78,19970.98,1666.25,3811.01,1663.78,1289.8,835667.97,8603.19,3646734.08,31043.62,9037.43,59476.79,1153.76,1009.2,9748.94,8816.36,360148.55,87060.23,15589993.81,43126848.92,146740.58,124572.91,424761.84,13914.89,25548.34,5312.01,537501.05,10426.14,1752.07,4322.53,61562.83,127138.53,4803.55,5055.47,70519,4799.08,11140.84,1788.48,41905.86,4387.07,2914497.66,32038.09,1351.72,4803237.4,27655683.76,16587.3
209,3/11/2017,4546.8,19580.23,1713.78,3870.59,1677.63,1363.54,834287.82,8599.34,3750720.3,31081.18,8622.3,57725.39,1168.27,1023.74,9489.82,8447.75,346179.46,87789.88,15568181.82,46049779.66,179413.32,125256.47,428527.38,12639.47,25860.07,5404.18,543509.01,10952.57,1821.4,4259.03,62188.13,127603.28,4958.29,5059.61,72100.92,4813.34,11288.31,1761.88,42824.27,4608.68,2883478.41,32221.78,1362.89,4463996.33,29619671.62,16919.67
210,3/18/2017,4339.99,19600,1691.52,3989.68,1667.34,1265.86,794226.83,8534.24,3632463.5,30501.64,8134.32,58751.94,1171.46,986.51,9317.66,8004.82,352942.03,84197.77,15499664.92,45395956.28,159384.65,123279.07,403560.23,12852.15,24226.92,5371.94,528144,10649.84,1830.19,4184.13,62384.57,127367.2,4696.46,4992.39,71731.77,4791.93,10999.25,1707.98,40553.75,4522.8,2808050.88,31798.97,1339.89,4191272.24,29680019.97,16379.87
211,3/25/2017,3830.68,17185.72,1471.93,3711.07,1397.84,1095.78,785323.05,7479.3,3179291.92,26543.15,7698.04,52499.2,1025.12,848.81,7977.72,7454.93,304162.98,70567.01,14768958.3,37755647.61,140062.81,106723.84,323289.14,11154.8,20837.17,4788.62,414908.67,9084.65,1622.54,3490.34,53575.44,114746.13,4209.99,4270.05,63425.17,4414.6,9598.46,1475.74,37042.07,3806.11,2608002.07,27909.68,1185.75,4063530.16,24381668.34,13603.61
212,4/1/2017,4143.78,17604.57,1446.53,3612.52,1404.98,1059.52,728431.76,7291.32,3058192.69,25588.72,7039.16,52046.65,1003.42,840.84,8272.01,7149.82,300566.63,68689.54,13891770.92,38498867.78,144009.38,109364.04,326680.75,10921.52,20489.49,4662.19,384743.91,9220.84,1568.61,3636.26,52075.13,114828.86,3996.22,4250.41,61365.76,4253.33,9811.85,1410.81,35774.5,3765.99,2505576.28,28025.25,1167.65,4108518.74,23393146.78,14302.19
213,4/8/2017,4206.32,18873.37,1578.69,3786.47,1576.15,1082.54,786494.67,8003.68,3221739.92,28850.56,7900.38,53634.46,1088.88,931.88,9048.77,7927.59,332467.49,74856.06,14381564.81,43646556.39,161187.4,120233.46,354632.2,12316.29,22625.8,4986.38,445001.53,10220.04,1702.7,4044.47,56980.13,122879.81,4468.66,4801.36,64613.02,4721.71,10521.37,1529.17,39343.14,4207.99,2884516.98,29552.66,1272.59,4772272.98,30589175.12,16450.56
214,4/15/2017,4473.25,19369.41,1657.06,3838.3,1652.72,1254.5,809003.04,8426.76,3365983.05,30740.99,9132.06,61291.21,1116.17,976.07,9231.69,8640.02,360282.79,79168.31,14638668.74,45087272.13,137102.07,126938.72,397609.59,13062.43,23491.13,5264.63,480151.09,10571.17,1797.86,4236.63,60385.3,126103.64,4726.13,4975.38,68615.42,4718.98,10937.57,1756.96,40378.91,4385.54,2986361.43,30914.5,1332.05,5058992.02,26839244.47,17012.68
215,4/22/2017,4488.36,19838.34,1668.78,3829.88,1669.37,1244.48,823411.34,8548.68,3410263.07,31142.13,9463.48,61757.23,1158.32,975.1,9579.36,8409.76,359340.23,81101.31,15438253.93,46288348.39,127002.47,131499.33,383450.49,12422.54,23728.2,5364.58,467954.59,10700.38,1775.86,4347.55,59074.74,130569.66,4711.6,5034.35,69538.09,4882.82,11095.83,1684.2,40722.57,4454.18,2954765.82,31386.51,1354.1,5277802.73,27532325.96,16989.22
216,4/29/2017,4822.63,21327.04,1743.74,4324.03,1784.48,1350.15,879495.15,8982.06,3686017.9,31427.85,9266.79,64827.14,1204.41,1030.5,10216.51,8869.62,365695.92,84893.94,16558255.84,48447386.49,144530.11,139747.24,377475.38,13403.82,25420.41,5587.09,492639.57,11485.99,1871.59,4599.28,64828.7,135962.29,4793,5206.42,73648.83,5206.16,12086.24,1788.12,43096.11,4596.06,3140057.43,32992.33,1448.8,5818769.11,28800185.36,17676.72
217,5/6/2017,5647.93,24432.19,1975.79,4949.75,2052.94,1519.27,1062984.3,10324.72,4351447.04,35971.45,10492,75739.42,1358,1170.15,11826.22,9988.45,426775.46,94936.37,18090023.77,50871135.1,200953.03,159230.69,465625.59,16452.6,30530.37,6426.49,561637.2,12955.47,2208.44,5394.01,76218.22,155000.79,5459.86,5978.33,82455.85,5868,13452.49,2063.62,50176.93,5085.29,3531252.32,37015.2,1636.3,7062363.37,32661029.79,20993.68
218,5/13/2017,6373.57,28657.67,2422.88,5795.89,2355.2,1743.91,1264019.01,12323.39,5296184.15,42858.7,12265.83,89046.42,1262.35,1358.66,13781.22,11709.84,474270.24,113009.63,21710126.74,71335271.32,210192.63,190451.11,528751.4,18226.87,35914.09,7614.37,671779.77,14715.54,2638.57,6309.99,81785.24,189703.74,6353.59,6995.99,98894.39,6987.58,15568.46,2407.84,58814.68,6503.92,4365181.65,44115.13,1921.63,8991658.76,38664673.82,25578.2
219,5/20/2017,7209.66,31742.59,2630.26,6527.19,2545.06,1817.73,1338657.28,13259.63,5405812.83,42970.22,12029.6,94071.29,1263.87,1456.82,14655.32,12475.95,500635.28,133139.85,26174726.51,72346170.56,419798.81,197675.18,583541.15,18533.86,37463.87,8246.4,709134.63,15675.93,2860.29,6646.1,89354.92,203849.74,6627.08,7683.71,107220.6,7513.8,16955.98,2645.24,65753.8,6712.01,4755724.87,47293.38,2045.36,10211638.54,40244547.77,26838.91
220,5/27/2017,9329.5,41959.52,3319.91,9265.27,3125.18,2263.89,1819463.92,17593.97,7259175.15,53935.3,15311.77,113777.17,1562.98,1839.36,18236.56,15855.62,607782.27,182572.37,36337565.53,86371132.23,286039.44,267039.69,750769.23,22946.29,50619.52,10704.61,929515.15,19830.86,3815.21,8606.97,116908.96,271286.37,8399.5,9321.45,139104.06,10034.94,20707.29,3266.31,85867.99,8382.38,6338684.93,60426.68,2558.41,14045413.62,54712135.21,35927.65
221,6/3/2017,9256.35,43629.84,3466,8789.8,3231.95,2355.54,1769407.58,17276.28,7197585.2,54939.25,15885.65,116268.08,2140.96,1926.72,19394.51,15590.96,657521.22,173462.18,41364531.57,85954113.57,248725.08,273275.99,731085.2,25202.13,47928.67,10929.95,911907.42,19866.49,3873.55,8379.1,120559.31,273411.85,8533.29,9605.14,139262.52,11315.73,20177.83,3561.71,85757.13,8738.53,6497251.34,62209.69,2723.64,14600853.83,60048324.65,34937.85
222,6/10/2017,10399.59,47085.22,3857.38,9637.37,3740.17,2625.64,1964528.83,19092.42,7619634.4,62305.17,18763.85,133908.45,2489.31,2191.19,21684.73,19314.85,780186.09,191681.25,35407615.86,109139920.1,372546.25,296205.38,928346.56,29019.11,53177.09,11975.33,1011975.68,23415.22,4129.29,9747.14,145675.47,295564.92,9951.78,11163.55,159858.88,11406.66,24467.69,4011.41,98958.74,9665.11,6919283.26,70682.76,3065.59,17833453.31,62285731.2,37764.6
223,6/17/2017,10266.27,46284.98,3791.86,9381.5,3609.15,2832.98,1930355.61,18784.73,7473093.24,61600.9,18323.15,124858.86,2497.02,2167.3,21650.57,17625.32,765221.12,189479.51,32881894.03,105584599.3,375823.59,291980.37,917036.61,27329.61,51097.74,11978.03,988786.55,23341.87,4062.4,9188.3,134915.58,304304.56,9902.36,10792.92,163672.53,11285.1,24066.8,3957.81,94048.86,9980.51,6930225.52,70369.67,2960,20409063.51,61897387.59,37356.73
224,6/24/2017,9643.47,46711.42,3766.07,9353.88,3660.91,2636.85,1846843.77,19462.96,7428960.35,60640.45,18073.68,131589.13,2424.01,2133.36,21617.05,17236.4,712032.47,185567.88,40439763.75,103924929.9,294984.3,290613.36,880179.78,26954.96,50622.88,11790.29,1014279.26,23217.52,3893.43,9166.63,139556.25,296685.95,9632.6,10690.32,162969.31,11172.19,24240.79,3987.14,93387.44,9582.31,7034742.53,69266.58,2981,21214898.34,65689859.46,36194.12
225,7/1/2017,9591.04,47261.49,3517.85,9127.15,3414.79,2518.46,1724452.33,18333.27,7087766.8,58921.86,18242.57,122306.06,2308.8,1996.91,20487.51,15785.8,690591.4,178116.35,37782594.3,105696154.4,277266,277563.45,905917.9,24688.9,47864.37,11494.61,937443.88,20952.19,3679.48,8451.88,132774.72,287081.51,9017.24,9961.98,156736.98,10356.09,22626.28,3654.99,89331.93,9111.84,6389655.44,65877.17,2776.14,19673000.09,61586124.39,35593.26
226,7/8/2017,9740.9,46355.51,3488.52,8875.1,3371.54,2561.28,1756267.07,17918.31,7060730.5,58000.43,16996.4,121364.12,2315.61,2015.73,20104.37,16554.6,666735,175681.51,32255863.59,99112337.46,280197.52,278192.57,834455.97,25383.21,49505.7,11266.2,925772.78,21667.15,3700.32,8626.95,132171.88,284822.67,9273.46,9924.81,156335.37,10726.95,22400.81,3560.08,87868.52,8912.77,6321966.14,65311.7,2870.96,19082520.11,61416296.71,35874.72
227,7/15/2017,8936.15,43280.28,3288.56,7991.98,3167.34,2504.24,1590338.09,16396.78,6697300.4,53812.93,15586.12,113714.17,2098.28,1850.29,18718.32,15873.65,649333.68,155580.64,31344565.96,93198434.09,250841.05,256318.95,799590.93,24060.09,43130.26,10564.61,839056.52,20435.48,3335.97,7913.28,125264.27,266277.15,8584.65,9229.71,147647.49,9359.12,20739.8,3383.59,81930.75,8445.71,5844180.46,60784.95,2631.84,19270154.9,56642554.19,33364.07
228,7/22/2017,8562.59,44397.18,3184.56,7879.43,3191.04,2256.88,1649660.13,16253.5,6604332.42,52738.05,15077.15,114831.32,2039.73,1830.48,19169.6,16147.74,618090.03,154968.78,29330827.34,96545085.85,238568.18,250357.28,805369.16,23732.01,43248.15,10623.92,848897.79,19495.27,3332.66,7873.31,126828.03,258357.67,8191.26,8729.76,143955,9263.13,19877.82,3215.19,78452.01,8058.84,5668527.97,60079.2,2600.57,20592576.83,55566526.67,32045.01
229,7/29/2017,9929.4,49680.73,3521.61,8455.55,3418.65,2521.8,1786368.62,17991.96,7295284.68,58997.98,16743.7,125721.86,2293.59,2061.77,20870.96,17729.22,688854.65,172527.4,33761118.75,102482887.1,298140.82,274269.62,899081.49,27016.14,46632.45,11568.17,931213.93,21601.98,3507.25,8638.21,136781.51,279415.99,9257.79,10214.28,161179.62,10653.73,22622.81,3681.89,88171.89,9404.76,6320243.24,66616.17,2913.27,25784412.34,59279583.28,34875.81
230,8/5/2017,10612.32,52102.71,3749.82,9225.02,3704.47,2967.93,1911573.67,19086,7924642.66,61517.89,18165.07,129253.52,2393.82,2186.3,22627.4,17068.33,722549.85,182611.97,35026558.36,112971529.5,323870,290586.14,935023.54,27205.68,50012.68,12120.89,976208.81,22742.47,3719.32,9406.42,139966.29,290183.3,9979.69,11025.49,171129.81,11354.66,24057.19,3991.53,92610.96,9990.04,6844136.82,69593.09,3165.09,39849917.29,62752866.92,38277.32
231,8/12/2017,13239.88,63115.98,4550.95,11509.3,4528.49,3436.11,2279556.04,23270.3,9719504.46,76301.04,23430.8,161374.81,2585.29,2677.9,28360.32,21888.83,855008.57,228953.47,42221906.3,134910462.4,351566,373545.75,1093310.03,32437.85,61737.53,14958.78,1220533.73,27902.4,4900.72,11831.85,171683.72,357615.17,11730.67,13363.23,210771.11,13808.96,28705.81,4779.07,116502.02,12171.51,8299086.42,86013,3737.15,43544790.56,78225889.42,49953.9
232,8/19/2017,15670.03,79725.93,5597.52,13833.34,5479.79,4217.38,2826253.97,28530.01,11881945.15,90567.78,28459.78,197361.75,3501.96,3287.63,33223.57,27353.46,1084397.98,279875.88,61564469.76,162803189.6,424222.44,471583.13,1405262.87,39762.84,77086.39,18355.21,1521841.85,33782.76,6027.55,14241.77,214984.16,439219.4,14998.08,16444.93,262090.66,16629.04,34745.66,5933.67,141569.29,15385.99,10554397.13,105766.66,4501.59,62141040.31,95584423.81,61492.73
233,8/26/2017,15859.33,78576.25,5335.84,13714.46,5537.42,4262.28,2763658.68,28169.55,11762989.5,86129.93,28748.2,201967.7,3561.77,3294.81,33164.04,26778.94,1099746.82,281703.88,49734183.58,164086202.1,451367.45,467498.8,1427716.79,38615.64,77869.57,18245.89,1517790.16,34145.77,5948.6,13615.32,213964.83,450595.02,14799.35,16663.08,262214.46,16593.73,34635.84,5841.64,136821.6,14928.11,10519347.19,103961.19,4560.53,65149707.23,94804967.35,60937.98
234,9/2/2017,17095.27,86500.09,6006.44,15519.61,5863.5,4438.32,3050094.15,29901.88,12581886.21,97599.3,27955.74,215409.03,3846.07,3651.31,35291.76,29499.83,1103787.67,311540.28,53692002.12,184382388.5,462079.55,496638.91,1572084.84,42897.49,83911.31,19592.59,1608061.51,37271.73,6595.47,15265.83,234196.35,496307.75,15936.92,17310.41,278167.95,17983.17,38009.04,6340.9,150236.84,15868.61,10884803.81,114756.76,4975.96,74477568.8,105120584.9,63948.67
235,9/9/2017,16750,82475.69,5924.84,16589.03,5763.26,4584.67,2968364.49,27185.04,12263517.6,97468.92,28818.27,208782.44,3758.88,3596.34,34283.42,29147.74,1210900.84,312557.44,56344073.19,178265257,501453.16,481806.93,1624830.34,44302.51,84572.36,19002.19,1529087.58,37144.45,6411.59,15677.92,232327.96,504415.35,16344.14,17321.21,278585.75,18148.9,37516.76,6133.76,147702.54,15668.99,11146104.71,119710.16,4907.87,79106934.67,103440279.7,62449.06
236,9/16/2017,14053.15,72738.99,5029.45,14203.44,4976.1,4192.43,2536000.04,23128.66,10471628.54,82298.85,26522.69,183025.05,3488.66,2924.59,28591.29,21223.86,1072884.62,265784.33,47837103.11,143133740.1,455190.43,418793.09,1399069.64,37267.63,74681.65,16099.19,1305481.53,32831.9,5310.5,13584.42,203121.5,439030.47,14255.43,14819.04,243544.77,15985.85,32427.35,5280.99,129508.01,13623.88,9589017.32,105143.95,4200.52,75668522.53,91640063.07,54586.44
237,9/23/2017,14472.74,75144.47,4919.14,14239.05,5074.85,4046.12,2539295.4,24260.06,10563282.22,89275.04,25764.59,187160.58,3261.03,2903.16,28732.75,24596.98,1036594.16,260082.03,47174294.89,150568375.5,459619.65,405614.52,1394805.99,36268.75,72485.61,15909.07,1315591.19,31727.29,5229.52,13239.41,194846.77,430960.48,13709.73,14623.14,232870.33,15439.19,31876.85,5199.41,125178.71,13419.01,9243698.83,102754.87,4288.62,83972586.33,86726854.64,52633.75
238,9/30/2017,15008.3,75689.06,5142.39,13603.79,5137.75,3975.02,2661364.39,26345.32,10858007.01,88698.62,27148.02,196767.88,3332.12,3051.69,31066.07,25634.43,1090937.69,264950.96,51227693.24,162115531.4,510357.4,420567.17,1400404.68,40309.3,75894.08,16914.83,1407519.39,32913.66,6024.65,13412.12,206002.93,440537.33,14562.76,15124.49,236473.49,15880.82,33283.62,5685.93,130973.31,13899.56,9559788.26,105170.88,4423.35,97109562.71,90917971.08,55351.09
239,10/7/2017,15923.33,78675.34,5700.38,14156.09,5532.33,4476.79,2818077.07,28781.72,11651512.91,94394.75,29742.61,204846.01,3628.62,3315.23,33944.41,27978.46,1164108.37,287789.05,55502943.32,170196989.4,561216.09,451341.86,1492104.89,40398.13,80006.95,18287.35,1494913.72,34922.54,6756.96,14037.46,219410.25,471106.31,15487.55,16496.32,247046.87,17225.04,35676.17,5912.57,142381.26,14958.01,10239553.87,111389.81,4747.37,110581384.7,101647341.2,59341.55
240,10/14/2017,19229.55,92025.01,6471.59,15806.05,6506.16,4966.04,3239596.32,33502.72,13351354.29,116936.56,30623.79,249984,3903.65,3844.68,39885.27,32756.25,1269134.44,321710.01,63712242.28,198461333.2,592210.56,524057.95,1650472.29,45599.7,93861.6,21453.83,1764791.4,40091.72,7321.22,16402.61,246015.45,538238.47,17877.07,18507.8,285528.15,19989.71,40637.51,6928.2,163644.7,18029.41,11636957.48,129910.1,5149.09,134296892.1,113098389.6,68211.53
241,10/21/2017,21092.56,103620.23,7378.4,18036.91,7583.55,5504.75,3574204.23,37734.58,15054084.54,120699.57,34775.94,272096.63,4664.58,4369.05,44941.32,36691.44,1473883.11,358417.83,69090716.8,242871594.5,692037.42,591847.58,1932460.82,50513.11,106914.1,24166.16,1990910.14,45321.98,8381.79,18208.32,287362.83,621176.97,20542.56,21427.84,324779.88,23142.99,46285.74,7871.66,185147.84,20841.45,13481196.23,146531.15,6171.51,185507333.5,132091497.9,78576
242,10/28/2017,21175.51,106200.39,7607.99,19172.64,7650.92,6058.36,3764105.57,38858.95,15665154.86,124156.867,37108.70437,273490.1992,4930.68,4466.287687,44509.28716,37854.10853,1505732.347,381855.2888,70644465.05,244969967.1,778419.1614,617289.8558,1958087.473,54575.80398,110935.4491,24747.09,2052630.182,47812.84823,8686.908754,19090.03531,293553.226,649613.5128,21005.35436,22771.45731,338419.4971,23875.98119,48102.77048,7988.334774,192486.2242,21904.83135,13627734.81,152334.4159,6331.88053,224406478.6,131495172.1,84886.11
243,11/4/2017,23943.45,129205.95,8793.17,22234.75,8834.43,6794.95,4553621.39,44812.42,17832779.03,151131.6055,35307.69383,314100.4051,5628.8,5162.418553,54200.16122,45458.59805,1794897.455,449859.662,86491986.68,293920418.6,937812.4938,709190.4613,2267411.601,60836.14847,129872.5504,28352.77,2364485.681,55038.36146,9858.733158,21749.54991,327175.2389,731063.9085,23758.86936,25819.43042,389457.511,27063.07136,51879.52246,9106.274907,219884.0652,25879.06654,15453404.17,179074.0089,7224.482501,267839121.9,156389963.4,101033.18
244,11/11/2017,26454,138693.46,9845.01,24954.09,9464.14,7509.08,4730777.94,48357.35,19929182.07,160058.4983,48430.2651,337635.3494,6368.53,5571.420028,57510.63452,47972.7251,1937231.763,482632.969,88581336.27,323233598.8,876260.1851,780115.98,2405167.082,68410.65218,140338.958,30976.23,2552811.909,61186.52035,10676.7498,24529.3496,370386.4143,817123.1544,25437.53391,27965.81117,432567.1725,29508.06829,60608.18147,9845.11634,237161.5832,28765.83229,17517962.93,195420.4236,7968.245954,336991721.5,168752984.7,109025.29
245,11/18/2017,26261.61,139209.3,9702.11,24777.9,9672.74,7400.48,4744045.57,48021.19,20395626.73,151423.7121,47051.74766,363073.5918,5831.25,5499.44684,58626.88263,46301.74795,1802444.168,493200.2375,96913220.2,310594943.6,1032332.176,785457.0644,2517363.967,69271.42655,140402.7027,30689.28,2527145.442,58460.73675,10700.93974,24449.9769,346523.3542,808238.4119,24983.7663,27529.30188,439689.3751,28740.0665,60306.36991,9902.148456,240034.4523,27917.65992,17604190.84,193024.6884,7841.135543,460268731.8,164835994,107472.24
246,11/25/2017,30485.72,156388.47,10850.59,28569.18,10637.84,8147.79,5235138.85,54581.43,22820596.86,174172.6481,47171.37667,397926.6754,6982.61,6286.810793,65396.7101,52301.8599,2205530.767,573684.8907,100400248.7,356443295.4,1154529.025,888587.9252,2852057.447,77528.22871,154218.1324,34656.49,2904372.898,68184.8353,12159.56728,27771.6351,424161.6817,905075.9864,28297.94261,31534.78133,490645.1557,32937.19643,70139.80605,11333.22433,263634.9709,30794.52787,19730408.89,215117.5182,8691.548652,625210378.4,194703100.5,125355.47
